1,2,3,4,5,6,7,8,9,10,11,12,13,14,15,16,17,18,19,20,21,22,23,24,25,26,27,28,29,30,31,32,33,34,35,36,37,38,39,40,41,42,43,44,45,46,47,48,49,50,51,52
1,月奴,"移花宫内的侍婢，有著绝顶美貌和智慧，温柔无比，与江枫相爱",0,5,1,0,170,5,255,15,425,8,100,5,0,0,0,100,10,10,1,0,100,1,200,10,1,20140331,0,0,0,0,0,0,0,0,13001,0,0,0,0,card/00001,card/00001,1,214,0,0,0,0,1,0
2,兔怜星,"移花宫怜星宫主侍女，一心侍奉宫主。",0,1,1,0,338,8,169,5,338,15,100,5,0,0,0,100,10,10,1,0,100,1,200,10,1,20140331,0,0,0,0,0,0,0,0,8001,0,0,0,0,card/00002,card/00002,0,0,0,0,0,0,2,0
3,兔月瑶,"移花宫邀月宫主侍女，一心侍奉宫主。",0,4,1,0,170,15,425,8,255,5,100,5,0,0,0,100,10,10,1,0,100,1,200,10,1,20140331,0,0,0,0,0,0,0,0,2001,0,0,0,0,card/00003,card/00003,0,0,0,0,0,0,3,0
4,兔邀月,"移花宫邀月宫主侍女，一心侍奉宫主。",0,2,1,0,254,12,169,12,424,6,100,5,0,0,0,100,10,10,1,0,100,1,200,10,1,20140331,0,0,0,0,0,0,0,0,7001,0,0,0,0,card/00004,card/00004,0,0,0,0,0,0,4,0
5,阿碧,"慕容复二婢之一，貌美绿衣。倾心于慕容复，不离不弃。",0,5,1,0,339,12,254,12,254,5,100,5,0,0,0,100,10,10,1,0,100,1,200,10,1,20140331,0,0,0,0,0,0,0,0,5001,0,0,0,0,card/00005,card/00005,1,214,0,0,0,0,5,0
6,喵馨兰,"缥缈峰侍女，拜入离秋水门下",0,1,1,0,425,12,170,12,255,5,100,5,0,0,0,100,10,10,1,0,100,1,200,10,1,20140331,0,0,0,0,0,0,0,0,1001,0,0,0,0,card/00006,card/00006,0,0,0,0,0,0,6,0
7,喵翠竹,"缥缈峰侍女，拜入巫行云门下",0,4,1,0,340,8,255,12,255,8,100,5,0,0,0,100,10,10,1,0,100,1,200,10,1,20140331,0,0,0,0,0,0,0,0,8001,0,0,0,0,card/00007,card/00007,0,0,0,0,0,0,7,0
8,喵雏菊,"缥缈峰侍女，拜入李小妹门下",0,2,1,0,253,8,253,12,338,8,100,5,0,0,0,100,10,10,1,0,100,1,200,10,1,20140331,0,0,0,0,0,0,0,0,1001,0,0,0,0,card/00008,card/00008,0,0,0,0,0,0,8,0
15,应采儿,"六指琴魔之徒，性格活泼好动，只听师傅和姐姐应青儿的话。",0,4,1,0,255,12,255,5,340,12,100,5,0,0,0,100,10,10,1,0,100,1,200,10,1,20140331,0,0,0,0,0,0,0,0,13001,0,0,0,0,card/00015,card/00015,1,201,0,0,0,0,15,0
16,应青儿,"六指琴魔之徒，为人稳重，非常担心妹妹应采儿。",0,4,1,0,170,12,255,8,425,8,100,5,0,0,0,100,10,10,1,0,100,1,200,10,1,20140331,0,0,0,0,0,0,0,0,5001,0,0,0,0,card/00016,card/00016,1,201,0,0,0,0,16,0
19,姬无命,"天下第一神偷，轻功绝顶。",0,1,1,0,338,12,169,12,338,5,100,5,0,0,0,100,10,10,1,0,100,1,200,10,1,20140331,0,0,0,0,0,0,0,0,8001,0,0,0,0,card/00019,card/00019,1,320,0,0,0,0,19,0
20,无情,"继承了兔子门的传统,弹跳出色,但是力量稍许不足。",0,2,1,0,170,12,255,12,425,5,100,5,0,0,0,100,10,10,1,0,100,1,200,10,1,20140331,0,0,0,0,0,0,0,0,4001,0,0,0,0,card/00020,card/00020,0,0,0,0,0,0,20,0
21,无双,"兔子门继承人,比师弟的功力更深一层。",0,3,1,0,255,12,255,8,340,8,100,5,0,0,0,100,10,10,1,0,100,1,200,10,1,20140331,0,0,0,0,0,0,0,0,6001,0,0,0,0,card/00021,card/00021,0,0,0,0,0,0,21,0
101,朱九真,"与武青婴以美貌见长，在昆仑山并称“雪岭双姝”",0,1,2,0,440,8,220,17,440,17,100,5,0,0,0,200,10,20,1,0,200,1,400,25,1,20140331,0,0,0,0,0,0,0,0,13001,5002,0,0,0,card/00101,card/00101,1,202,0,0,0,0,101,0
102,武青婴,"与朱九真以美貌见长，在昆仑山并称“雪岭双姝”",0,3,2,0,332,9,443,22,332,13,100,5,0,0,0,200,10,20,1,0,200,1,400,25,1,20140331,0,0,0,0,0,0,0,0,12001,10002,0,0,0,card/00102,card/00102,1,202,0,0,0,0,102,0
111,包不同,"姑苏慕容氏麾下四大家将之一，排行第三，又称包三先生",0,1,2,0,440,13,220,18,440,13,100,5,0,0,0,200,10,20,1,0,200,1,400,25,1,20140331,0,0,0,0,0,0,0,0,6001,9002,0,0,0,card/00111,card/00111,1,203,211,0,0,0,111,0
112,风波恶,"姑苏慕容氏麾下四大家将之一，排行第四，喜好打架。",0,4,2,0,220,13,550,18,330,13,100,5,0,0,0,200,10,20,1,0,200,1,400,25,1,20140331,0,0,0,0,0,0,0,0,12001,11002,0,0,0,card/00112,card/00112,1,203,211,0,0,0,112,0
113,公冶乾,"姑苏慕容复手下四大家将之一。赤霞庄庄主，掌法“江南第二”",0,2,2,0,221,13,443,13,443,18,100,5,0,0,0,200,10,20,1,0,200,1,400,25,1,20140331,0,0,0,0,0,0,0,0,3001,9002,0,0,0,card/00113,card/00113,1,203,211,0,0,0,113,0
114,邓百川,"慕容复手下四大家将之首，青云庄庄主，专长内功。",0,3,2,0,330,18,220,18,550,8,100,5,0,0,0,200,10,20,1,0,200,1,400,25,1,20140331,0,0,0,0,0,0,0,0,6001,13002,0,0,0,card/00114,card/00114,1,203,211,0,0,0,114,0
119,赤灵猴,"武林时尚界的先驱,少见的红发成为了江湖中的标志性人物。",0,5,2,0,331,8,443,13,331,22,100,5,0,0,0,200,10,20,1,0,200,1,400,25,1,20140331,0,0,0,0,0,0,0,0,8001,4002,0,0,0,card/00119,card/00119,0,0,0,0,0,0,119,0
123,秦红棉,"外号修罗刀，木婉清之母，使用一对喂毒的双刀——修罗刀",0,5,2,0,443,8,221,18,443,18,100,5,0,0,0,200,10,20,1,0,200,1,400,25,1,20140331,0,0,0,0,0,0,0,0,4001,2002,0,0,0,card/00123,card/00123,1,204,0,0,0,0,123,0
124,韩小莹,"江南七怪之一，越女剑韩小莹",0,1,2,0,220,22,550,9,330,13,100,5,0,0,0,200,10,20,1,0,200,1,400,25,1,20140331,0,0,0,0,0,0,0,0,9001,2002,0,0,0,card/00124,card/00124,1,215,0,0,0,0,124,0
126,甘宝宝,"外号俏药叉，万劫谷谷主钟万仇之妻，钟灵之母",0,5,2,0,330,20,380,13,390,10,100,5,0,0,0,200,10,10,1,0,100,1,400,20,1,20140331,0,0,0,0,0,0,0,0,6001,4002,0,0,0,card/00126,card/00126,1,204,0,0,0,0,126,0
127,狐倾国,"修行多年化为人形，有倾国之姿。",0,1,2,0,200,10,470,13,430,20,100,5,0,0,0,200,10,10,1,0,100,1,400,20,1,20140331,0,0,0,0,0,0,0,0,5001,9002,0,0,0,card/00127,card/00127,0,0,0,0,0,0,127,0
128,狐雪烟,"胸怀天下苍生，岸芷汀兰，省却繁华无数。",0,4,2,0,383,10,337,20,380,13,100,5,0,0,0,200,10,10,1,0,100,1,400,20,1,20140331,0,0,0,0,0,0,0,0,11001,8002,0,0,0,card/00128,card/00128,0,0,0,0,0,0,128,0
129,狐雪瑶,"蕙质兰心，别有才情，向往着一段生死之恋。",0,2,2,0,340,13,390,10,370,20,100,5,0,0,0,200,10,10,1,0,100,1,400,20,1,20140331,0,0,0,0,0,0,0,0,9001,10002,0,0,0,card/00129,card/00129,0,0,0,0,0,0,129,0
201,青龙,"东方之神，亦称“苍龙”，笑傲天下，唯我独尊。",0,2,3,0,575,17,431,24,431,17,100,5,0,0,0,300,10,50,1,0,2000,1,600,50,1,20140331,50110,15,10102,15,20105,15,40103,15,8001,9002,2003,0,0,card/00201,card/00201,1,212,0,0,0,0,201,0
202,白虎,"西方之神，亦为战伐之神，嫉恶如仇，敢爱敢恨。",0,1,3,0,432,11,288,30,720,17,100,5,0,0,0,300,10,50,1,0,2000,1,600,50,1,20140331,50102,15,10103,15,20101,15,40101,15,8001,6002,10003,0,0,card/00202,card/00202,1,212,0,0,0,0,202,0
203,玄武,"北方之神，又为真武之神，通阴阳，掌生死，正义十足。",0,3,3,0,719,18,287,24,431,18,100,5,0,0,0,300,10,50,1,0,2000,1,600,50,1,20140331,50101,15,10105,15,20104,15,40104,15,12001,11002,11003,0,0,card/00203,card/00203,1,212,0,0,0,0,203,0
204,朱雀,"南方之神，亦称朱鸟，掌控火焰之力，热情似火。",0,4,3,0,430,30,287,12,717,17,100,5,0,0,0,300,10,50,1,0,2000,1,600,50,1,20140331,50109,15,10104,15,20104,15,40103,15,12001,8002,1003,0,0,card/00204,card/00204,1,212,0,0,0,0,204,0
205,暹罗,"来自西域，为异界之神，感悟天地，自成大家。",0,5,3,0,575,11,287,23,575,23,100,5,0,0,0,300,10,50,1,0,2000,1,600,50,1,20140331,50106,15,10104,15,20105,15,40105,15,6001,10002,4003,0,0,card/00205,card/00205,1,212,0,0,0,0,205,0
206,殷素素,"天鹰教教主殷天正之女，艳丽非凡，智计百出，对张翠山一往情深。",0,4,3,0,574,23,430,11,430,23,100,5,0,0,0,300,10,50,1,0,2000,1,600,50,1,20140331,50105,15,10101,15,20101,15,40104,15,10001,8002,3003,0,0,card/00206,card/00206,1,228,0,0,0,0,206,0
207,杨不悔,"光明左使杨逍之女，取名“不悔”表示永不后悔这段感情。",0,1,3,0,720,18,288,11,432,30,100,5,0,0,0,300,10,50,1,0,2000,1,600,50,1,20140331,50104,15,10104,15,20101,15,40103,15,2001,4002,8003,0,0,card/00207,card/00207,1,228,0,0,0,0,207,0
208,程瑶迦,"程家大小姐，拜全真七子中的孙不二为师，与陆冠英结为夫妻。",0,5,3,0,576,30,288,11,576,18,100,5,0,0,0,300,10,50,1,0,2000,1,600,50,1,20140331,50107,15,10102,15,20104,15,40105,15,6001,1002,5003,0,0,card/00208,card/00208,1,205,0,0,0,0,208,0
209,陆冠英,"归云庄少庄主，陆乘风之子，后来与程瑶迦结为夫妻。",0,2,3,0,432,17,288,24,720,17,100,5,0,0,0,300,10,50,1,0,2000,1,600,50,1,20140331,50110,15,10102,15,20102,15,40103,15,4001,13002,5003,0,0,card/00209,card/00209,1,205,0,0,0,0,209,0
210,贝锦仪,"峨眉第四代弟子，同情同门遭遇，正邪分明。",0,1,3,0,576,30,432,17,432,11,100,5,0,0,0,300,10,50,1,0,2000,1,600,50,1,20140331,50110,15,10102,15,20105,15,40104,15,10001,10002,2003,0,0,card/00210,card/00210,1,206,0,0,0,0,210,0
211,全冠清,"外号“十方秀才”，城府极深。发动丐帮政变，逼走帮主乔峰。",0,1,3,0,287,30,575,11,575,18,100,5,0,0,0,300,10,50,1,0,2000,1,600,50,1,20140331,50102,15,10103,15,20102,15,40101,15,7001,12002,3003,0,0,card/00211,card/00211,1,226,0,0,0,0,211,0
212,陈玄风,"外号铜尸，是桃花岛主黄老邪的弟子，与梅超风相爱，私定终身。",0,2,3,0,576,18,288,18,576,23,100,5,0,0,0,300,10,50,1,0,2000,1,600,50,1,20140331,50107,15,10104,15,20101,15,40102,15,13001,3002,1003,0,0,card/00212,card/00212,1,213,0,0,0,0,212,0
213,小青,"修炼五百年化为人形，爱憎分明、忠于友情。",0,4,3,0,576,17,432,23,432,17,100,5,0,0,0,300,10,50,1,0,2000,1,600,50,1,20140331,50103,15,10105,15,20104,15,40101,15,10001,10002,2003,0,0,card/00213,card/00213,1,216,0,0,0,0,213,0
214,萧咪咪,"十大恶人之一，生性风流，不惑之年却妖艳依旧，外号“迷死人不偿命”",0,1,3,0,287,30,575,18,575,11,100,5,0,0,0,300,10,50,1,0,2000,1,600,50,1,20140331,50101,15,10104,15,20103,15,40102,15,13001,4002,3003,0,0,card/00214,card/00214,1,228,0,0,0,0,214,0
215,华筝,"成吉思汗之女，爱慕郭靖，但最终未能如愿，去西域投奔兄长。",0,5,3,0,432,12,576,24,432,24,100,5,0,0,0,300,10,50,1,0,2000,1,600,50,1,20140331,50101,15,10102,15,20102,15,40103,15,2001,3002,9003,0,0,card/00215,card/00215,1,224,229,0,0,0,215,0
216,丁敏尹,"峨眉四代弟子，周芷若师姐",0,2,3,0,288,30,288,17,864,11,100,5,0,0,0,300,10,50,1,0,2000,1,600,50,1,20140331,50103,15,10103,15,20103,15,40103,15,4001,11002,11003,0,0,card/00216,card/00216,1,206,0,0,0,0,216,0
217,程灵素,"继承毒手药王遗作《药王神篇》，培育七心海棠。机智聪敏，料事如神。",0,4,3,0,576,24,432,18,432,18,100,5,0,0,0,300,10,50,1,0,2000,1,600,50,1,20140331,50106,15,10105,15,20102,15,40101,15,10001,11002,1003,0,0,card/00217,card/00217,1,225,0,0,0,0,217,0
218,蓝凤凰,"任盈盈的属下，五毒教教主，喜养毒蛇，能炼制蛊毒。",0,3,3,0,430,11,574,17,430,30,100,5,0,0,0,300,10,50,1,0,2000,1,600,50,1,20140331,50107,15,10104,15,20104,15,40102,15,2001,6002,11003,0,0,card/00218,card/00218,1,223,0,0,0,0,218,0
219,金花婆婆,"明教四大法王之首，号称“紫衫龙王”，武功高强怪异，小昭之母。",0,3,3,0,719,18,287,30,431,11,100,5,0,0,0,300,10,50,1,0,2000,1,600,50,1,20140331,50109,15,10105,15,20104,15,40102,15,2001,13002,13003,0,0,card/00219,card/00219,1,222,0,0,0,0,219,0
220,白世镜,"丐帮的执法长老，铁面无私，帮中大小人见到了他都要惧怕三分。",0,2,3,0,574,17,287,17,574,24,100,5,0,0,0,300,10,50,1,0,2000,1,600,50,1,20140331,50107,15,10102,15,20101,15,40101,15,4001,13002,2003,0,0,card/00220,card/00220,1,221,226,0,0,0,220,0
301,阿朱,"姑苏慕容二婢之一，女代父过死于乔峰之手，造成终身遗憾。",0,3,4,0,1499,50,600,29,899,19,100,5,0,0,0,400,10,100,1,0,5000,1,800,100,1,20140331,50203,15,10203,15,20204,15,40205,15,9001,8002,1003,6004,0,card/00301,card/00301,1,207,208,210,0,0,301,0
302,阿紫,"丁春秋门下长大，阿朱之妹，为人容貌娇艳、刁蛮阴戾。",0,5,4,0,897,19,897,39,1196,39,100,5,0,0,0,400,10,100,1,0,5000,1,800,100,1,20140331,50211,15,10202,15,20204,15,40201,15,10001,7002,5003,7004,0,card/00302,card/00302,1,207,208,0,0,0,302,0
303,阮星竹,"顽皮敏黠，武功神秘，善易容之术。是阿朱和阿紫的母亲。",0,1,4,0,599,50,1497,19,898,29,100,5,0,0,0,400,10,100,1,0,5000,1,800,100,1,20140331,50212,15,10205,15,20205,15,40202,15,8001,4002,2003,10004,0,card/00303,card/00303,1,204,0,0,0,0,303,0
304,李一凡,"丐帮传功长老，和蔼可亲悉心指教，丐帮弟子多有尊敬。",0,5,4,0,1495,40,598,40,897,19,100,5,0,0,0,400,10,100,1,0,5000,1,800,100,1,20140331,50201,15,10202,15,20203,15,40205,15,9001,10002,11003,3004,0,card/00304,card/00304,1,221,226,0,0,0,304,0
305,殷离,"张无忌表妹，为金花婆婆收留，一直倾慕回忆中的张无忌。",0,2,4,0,1204,19,601,50,1204,29,100,5,0,0,0,400,10,100,1,0,5000,1,800,100,1,20140331,50202,15,10204,15,20201,15,40205,15,11001,4002,6003,3004,0,card/00305,card/00305,1,207,208,0,0,0,305,0
306,枯荣大师,"大理皇室宗亲，在天龙寺出家为僧，武功高强德高望重，掌有六脉神剑剑谱。",0,2,4,0,1495,40,598,40,897,19,100,5,0,0,0,400,10,100,1,0,5000,1,800,100,1,20140331,50204,15,10202,15,20205,15,40202,15,12001,4002,2003,11004,0,card/00306,card/00306,1,209,0,0,0,0,306,0
308,叶二娘,"四大恶人之一。温柔美貌，端庄贞淑。后忆子成痴，盗取婴儿玩弄。",0,2,4,0,1196,50,598,19,1196,30,100,5,0,0,0,400,10,100,1,0,5000,1,800,100,1,20140331,50206,15,10202,15,20204,15,40204,15,10001,12002,12003,7004,0,card/00308,card/00308,1,217,0,0,0,0,308,0
309,慕容九,"慕容世家的九姑娘，人称慕容九妹，才色兼备。",0,2,4,0,598,20,598,29,1794,50,100,5,0,0,0,400,10,100,1,0,5000,1,800,100,2,20140331,50203,15,10205,15,20205,15,40204,15,4001,3002,9003,8004,0,card/00309,card/00309,1,228,0,0,0,0,309,0
310,铁心兰,"在小鱼和无缺之中芳心难定，柔肠百转。",0,1,4,0,599,30,599,39,1797,30,100,5,0,0,0,400,10,100,1,0,5000,1,800,100,2,20140331,50208,15,10201,15,20203,15,40201,15,10001,13002,2003,9004,0,card/00310,card/00310,1,218,0,0,0,0,310,0
314,胡一刀,"“飞天狐狸”胡天的后人。武功极高，豪迈柔情，人称“辽东大侠”。",0,3,4,0,601,50,1204,19,1204,29,100,5,0,0,0,400,10,100,1,0,5000,1,800,100,1,20140331,50201,15,10204,15,20205,15,40202,15,9001,8002,3003,1004,0,card/00314,card/00314,1,219,225,0,0,0,314,0
316,白娘子,"青城山下修练千年化为人形，造福一方百姓。",0,5,4,0,598,19,1196,40,1196,40,100,5,0,0,0,400,10,100,1,0,5000,1,800,100,1,20140331,50209,15,10203,15,20204,15,40205,15,13001,4002,3003,12004,0,card/00316,card/00316,1,216,0,0,0,0,316,0
317,段正淳,"大理国镇南王。样貌威严，生性风流。",0,2,4,0,1495,29,598,40,897,29,100,5,0,0,0,400,10,100,1,0,5000,1,800,100,1,20140331,50209,15,10204,15,20201,15,40201,15,10001,10002,12003,8004,0,card/00317,card/00317,1,209,0,0,0,0,317,0
318,段延庆,"原大理国太子，流亡出外，后为四大恶人之首，人称“恶贯满盈”",0,3,4,0,1196,29,897,19,897,50,100,5,0,0,0,400,10,100,1,0,5000,1,800,100,1,20140331,50211,15,10205,15,20201,15,40203,15,4001,2002,7003,10004,0,card/00318,card/00318,1,209,217,0,0,0,318,0
319,苗人凤,"古往今来，打遍天下无敌手。又号金面佛。",0,1,4,0,598,19,1495,50,897,29,100,5,0,0,0,400,10,100,1,0,5000,1,800,100,1,20140331,50204,15,10205,15,20203,15,40202,15,12001,1002,9003,12004,0,card/00319,card/00319,1,219,0,0,0,0,319,0
320,大海歌姬,"来自异域，吟唱着迷情之歌，蛊惑武林人士。",0,3,4,0,897,29,1196,40,897,29,100,5,0,0,0,400,10,100,1,0,5000,1,800,100,1,20140331,50212,15,10205,15,20202,15,40204,15,10001,4002,3003,12004,0,card/00320,card/00320,1,227,0,0,0,0,320,0
401,邀月,"移花宫大宫主，容貌能与日月争辉，气质出尘，性格冷若冰霜。",0,3,5,0,2597,31,1038,63,1558,63,100,5,0,0,0,450,10,100,1,0,10000,1,1000,200,1,20140331,50310,15,10301,15,20304,15,40302,15,12001,8002,1003,11004,12005,card/00401,card/00401,1,220,231,0,0,0,401,0
402,纪筱芙,"峨嵋派弟子,但是却因对明教左使杨逍产生情意,离开峨眉,最后含恨而终。",0,4,5,0,1038,47,1038,64,3116,47,100,5,0,0,0,450,10,100,1,0,10000,1,1000,200,1,20140331,50305,15,10304,15,20304,15,40302,15,5001,10002,1003,10004,4005,card/00402,card/00402,1,206,0,0,0,0,402,0
403,怜星,"移花宫二宫主，心地较邀月宫主善良。",0,3,5,0,1559,47,1039,31,2598,80,100,5,0,0,0,450,10,100,1,0,10000,1,1000,200,1,20140331,50302,15,10303,15,20304,15,40303,15,9001,1002,8003,5004,2005,card/00403,card/00403,1,220,0,0,0,0,403,0
404,刀白凤,"大理镇南王段正淳的正门妻子，受不了丈夫风流，出家号玉虚散人。",0,4,5,0,1041,31,2604,80,1562,47,100,5,0,0,0,450,10,100,1,0,10000,1,1000,200,1,20140331,50303,15,10301,15,20303,15,40303,15,3001,10002,10003,8004,12005,card/00404,card/00404,1,204,0,0,0,0,404,0
405,成吉思汗,"意为“拥有海洋四方”。建立大蒙古国，此后多次发动对外侵略战争。",0,5,5,0,1562,47,1041,64,2604,47,100,5,0,0,0,450,10,100,1,0,10000,1,1000,200,1,20140331,50301,15,10301,15,20301,15,40304,15,11001,6002,6003,1004,7005,card/00405,card/00405,1,229,234,0,0,0,405,0
406,燕南天,"江湖人称“天下第一神剑”",0,3,5,0,2077,80,1558,31,1558,48,100,5,0,0,0,450,10,100,1,0,10000,1,1000,200,1,20140331,50305,15,10303,15,20303,15,40301,15,12001,1002,12003,7004,13005,card/00406,card/00406,1,231,0,0,0,0,406,0
407,西夏公主,"西夏国的公主,李秋水的孙女。在冰窖中初遇虚竹便对之倾心。",0,5,5,0,2598,79,1039,31,1559,47,100,5,0,0,0,450,10,100,1,0,10000,1,1000,200,3,20140331,50304,15,10303,15,20301,15,40303,15,3001,11002,4003,9004,4005,card/00407,card/00407,1,230,232,0,0,0,407,0
408,香香公主,"勇敢，坚贞，高尚，如明珠，似美玉，明艳无伦。",0,4,5,0,1039,48,2598,48,1559,63,100,5,0,0,0,450,10,100,1,0,10000,1,1000,200,1,20140331,50309,15,10304,15,20301,15,40303,15,5001,11002,2003,4004,12005,card/00408,card/00408,1,232,0,0,0,0,408,0
409,王语嫣,"熟读各派武学秘笈，能看出各家武功招式，是一位武学理论家，却不谙武功。",0,1,5,0,1562,80,1562,31,2083,47,100,5,0,0,0,450,10,100,1,0,10000,1,1000,200,1,20140331,50309,15,10302,15,20301,15,40301,15,4001,12002,10003,8004,6005,card/00409,card/00409,1,207,208,0,0,0,409,0
410,东方青龙,"东方之神，亦称“苍龙”，笑傲天下，唯我独尊。",0,2,5,0,1361,31,2397,47,1438,80,100,5,0,0,0,450,10,100,1,0,10000,1,1000,200,1,20140331,50303,15,10303,15,20301,15,40302,15,11001,7002,6003,9004,2005,card/00410,card/00410,1,233,0,0,0,0,410,0
411,西方白虎,"西方之神，亦为战伐之神，嫉恶如仇，敢爱敢恨。",0,1,5,0,2273,31,1494,31,1429,95,100,5,0,0,0,450,10,100,1,0,10000,1,1000,200,1,20140331,50304,15,10302,15,20301,15,40304,15,7001,8002,10003,10004,12005,card/00411,card/00411,1,233,0,0,0,0,411,0
412,北方玄武,"北方之神，又为真武之神，通阴阳掌生死，正义十足。",0,3,5,0,1688,47,1883,63,1624,47,100,5,0,0,0,450,10,100,1,0,10000,1,1000,200,1,20140331,50301,15,10302,15,20304,15,40303,15,12001,9002,1003,11004,11005,card/00412,card/00412,1,233,0,0,0,0,412,0
413,南方朱雀,"南方之神，亦称朱鸟，掌控火焰之力，热情似火。",0,4,5,0,1153,79,2018,47,2018,31,100,5,0,0,0,450,10,100,1,0,10000,1,1000,200,1,20140331,50305,15,10301,15,20303,15,40301,15,4001,8002,9003,5004,12005,card/00413,card/00413,1,233,0,0,0,0,413,0
414,异界暹罗,"来自西域，为异界之神，感悟天地，自成大家。",0,5,5,0,2598,47,1039,64,1559,47,100,5,0,0,0,450,10,100,1,0,10000,1,1000,200,1,20140331,50308,15,10301,15,20304,15,40301,15,4001,3002,8003,1004,12005,card/00414,card/00414,1,233,0,0,0,0,414,0
415,完颜洪烈,"金国六王子，相貌英俊，强干精明，野心勃勃。",0,1,5,0,1624,80,2013,47,1559,31,100,5,0,0,0,450,10,100,1,0,10000,1,1000,200,1,20140331,50301,15,10304,15,20301,15,40304,15,4001,8002,7003,3004,6005,card/00415,card/00415,1,234,0,0,0,0,415,0
416,圣诞神兽,"圣诞节才会出没的神兽，为大家送上圣诞的祝福。",0,3,5,0,1803,62,1797,63,1793,64,100,5,0,0,0,450,10,100,1,0,10000,1,1000,200,1,20140331,50305,20,10306,20,20306,20,40306,20,3001,4002,5003,6004,7005,card/00416,card/00416,1,0,0,0,0,0,416,0
801,剑法门童,"侠客转生的材料",0,1,3,0,1,0,1,0,1,0,100,0,0,0,0,300,0,0,1,0,500,1,600,200,1,20140331,0,0,0,0,0,0,0,0,0,0,0,0,0,card/00801,card/00801,0,0,0,0,0,0,801,0
802,剑法弟子,"侠客转生的材料",0,1,4,0,1,0,1,0,1,0,100,0,0,0,0,400,0,0,1,0,500,1,800,200,1,20140331,0,0,0,0,0,0,0,0,0,0,0,0,0,card/00802,card/00802,0,0,0,0,0,0,802,0
803,剑法首座,"侠客转生的材料",0,1,5,0,1,0,1,0,1,0,100,0,0,0,0,450,0,0,1,0,500,1,1000,200,1,20140331,0,0,0,0,0,0,0,0,0,0,0,0,0,card/00803,card/00803,0,0,0,0,0,0,803,0
804,掌法门童,"侠客转生的材料",0,2,3,0,1,0,1,0,1,0,100,0,0,0,0,300,0,0,1,0,500,1,600,200,1,20140331,0,0,0,0,0,0,0,0,0,0,0,0,0,card/00804,card/00804,0,0,0,0,0,0,804,0
805,掌法弟子,"侠客转生的材料",0,2,4,0,1,0,1,0,1,0,100,0,0,0,0,400,0,0,1,0,500,1,800,200,1,20140331,0,0,0,0,0,0,0,0,0,0,0,0,0,card/00805,card/00805,0,0,0,0,0,0,805,0
806,掌法首座,"侠客转生的材料",0,2,5,0,1,0,1,0,1,0,100,0,0,0,0,450,0,0,1,0,500,1,1000,200,1,20140331,0,0,0,0,0,0,0,0,0,0,0,0,0,card/00806,card/00806,0,0,0,0,0,0,806,0
807,内功门童,"侠客转生的材料",0,3,3,0,1,0,1,0,1,0,100,0,0,0,0,300,0,0,1,0,500,1,600,200,1,20140331,0,0,0,0,0,0,0,0,0,0,0,0,0,card/00807,card/00807,0,0,0,0,0,0,807,0
808,内功弟子,"侠客转生的材料",0,3,4,0,1,0,1,0,1,0,100,0,0,0,0,400,0,0,1,0,500,1,800,200,1,20140331,0,0,0,0,0,0,0,0,0,0,0,0,0,card/00808,card/00808,0,0,0,0,0,0,808,0
809,内功首座,"侠客转生的材料",0,3,5,0,1,0,1,0,1,0,100,0,0,0,0,450,0,0,1,0,500,1,1000,200,1,20140331,0,0,0,0,0,0,0,0,0,0,0,0,0,card/00809,card/00809,0,0,0,0,0,0,809,0
810,暗器门童,"侠客转生的材料",0,4,3,0,1,0,1,0,1,0,100,0,0,0,0,300,0,0,1,0,500,1,600,200,1,20140331,0,0,0,0,0,0,0,0,0,0,0,0,0,card/00810,card/00810,0,0,0,0,0,0,810,0
811,暗器弟子,"侠客转生的材料",0,4,4,0,1,0,1,0,1,0,100,0,0,0,0,400,0,0,1,0,500,1,800,200,1,20140331,0,0,0,0,0,0,0,0,0,0,0,0,0,card/00811,card/00811,0,0,0,0,0,0,811,0
812,暗器首座,"侠客转生的材料",0,4,5,0,1,0,1,0,1,0,100,0,0,0,0,450,0,0,1,0,500,1,1000,200,1,20140331,0,0,0,0,0,0,0,0,0,0,0,0,0,card/00812,card/00812,0,0,0,0,0,0,812,0
813,棍法门童,"侠客转生的材料",0,5,3,0,1,0,1,0,1,0,100,0,0,0,0,300,0,0,1,0,500,1,600,200,1,20140331,0,0,0,0,0,0,0,0,0,0,0,0,0,card/00813,card/00813,0,0,0,0,0,0,813,0
814,棍法弟子,"侠客转生的材料",0,5,4,0,1,0,1,0,1,0,100,0,0,0,0,400,0,0,1,0,500,1,800,200,1,20140331,0,0,0,0,0,0,0,0,0,0,0,0,0,card/00814,card/00814,0,0,0,0,0,0,814,0
815,棍法首座,"侠客转生的材料",0,5,5,0,1,0,1,0,1,0,100,0,0,0,0,450,0,0,1,0,500,1,1000,200,1,20140331,0,0,0,0,0,0,0,0,0,0,0,0,0,card/00815,card/00815,0,0,0,0,0,0,815,0
816,精英门童,"侠客转生的材料",0,3,3,0,1,0,1,0,1,0,100,0,0,0,0,300,0,0,1,0,500,1,600,200,1,20140331,0,0,0,0,0,0,0,0,0,0,0,0,0,card/00816,card/00816,0,0,0,0,0,0,816,0
817,精英弟子,"侠客转生的材料",0,3,4,0,1,0,1,0,1,0,100,0,0,0,0,400,0,0,1,0,500,1,800,200,1,20140331,0,0,0,0,0,0,0,0,0,0,0,0,0,card/00817,card/00817,0,0,0,0,0,0,817,0
818,精英首座,"侠客转生的材料",0,3,5,0,1,0,1,0,1,0,100,0,0,0,0,450,0,0,1,0,500,1,1000,200,1,20140331,0,0,0,0,0,0,0,0,0,0,0,0,0,card/00818,card/00818,0,0,0,0,0,0,818,0
901,马夫人,"丐帮副帮主马大元的妻子，传功可以提供大量经验。",0,3,1,0,1,0,1,0,1,0,100,0,0,0,0,1,0,0,1,0,1000,1,200,200,1,20140331,0,0,0,0,0,0,0,0,0,0,0,0,0,card/00901,card/00901,1,0,0,0,0,0,901,0
902,马夫人,"丐帮副帮主马大元的妻子，传功可以提供大量经验。",0,3,2,0,1,0,1,0,1,0,100,0,0,0,0,1,0,0,1,0,2000,1,400,300,1,20140331,0,0,0,0,0,0,0,0,0,0,0,0,0,card/00901,card/00901,0,0,0,0,0,0,902,0
903,马夫人,"丐帮副帮主马大元的妻子，传功可以提供大量经验。",0,3,3,0,1,0,1,0,1,0,100,0,0,0,0,1,0,0,1,0,5000,1,600,500,1,20140331,0,0,0,0,0,0,0,0,0,0,0,0,0,card/00901,card/00901,0,0,0,0,0,0,903,0
904,马夫人,"丐帮副帮主马大元的妻子，传功可以提供大量经验。",0,3,4,0,1,0,1,0,1,0,100,0,0,0,0,1,0,0,1,0,10000,1,800,1000,1,20140331,0,0,0,0,0,0,0,0,0,0,0,0,0,card/00901,card/00901,0,0,0,0,0,0,904,0
905,马夫人,"丐帮副帮主马大元的妻子，传功可以提供大量经验。",0,3,5,0,1,0,1,0,1,0,100,0,0,0,0,1,0,0,1,0,20000,1,1000,2000,1,20140331,0,0,0,0,0,0,0,0,0,0,0,0,0,card/00901,card/00901,0,0,0,0,0,0,905,0
1201,真·青龙,"东方之神，亦称“苍龙”，笑傲天下，唯我独尊。",0,2,4,0,1081,26,810,36,810,26,100,5,0,0,0,400,10,50,1,0,5000,1,600,50,1,20140331,50110,15,10102,15,20105,15,40103,15,8001,9002,2003,0,0,card/01201,card/01201,1,212,0,0,0,0,201,0
1202,真·白虎,"西方之神，亦为战伐之神，嫉恶如仇，敢爱敢恨。",0,1,4,0,812,17,541,45,1353,26,100,5,0,0,0,400,10,50,1,0,5000,1,600,50,1,20140331,50102,15,10103,15,20101,15,40101,15,8001,6002,10003,0,0,card/01202,card/01202,1,212,0,0,0,0,202,0
1203,真·玄武,"北方之神，又为真武之神，通阴阳，掌生死，正义十足。",0,3,4,0,1351,27,539,36,810,27,100,5,0,0,0,400,10,50,1,0,5000,1,600,50,1,20140331,50101,15,10105,15,20104,15,40104,15,12001,11002,11003,0,0,card/01203,card/01203,1,212,0,0,0,0,203,0
1204,真·朱雀,"南方之神，亦称朱鸟，掌控火焰之力，热情似火。",0,4,4,0,808,45,539,18,1347,26,100,5,0,0,0,400,10,50,1,0,5000,1,600,50,1,20140331,50109,15,10104,15,20104,15,40103,15,12001,8002,1003,0,0,card/01204,card/01204,1,212,0,0,0,0,204,0
1205,真·暹罗,"来自西域，为异界之神，感悟天地，自成大家。",0,5,4,0,1081,17,539,35,1081,35,100,5,0,0,0,400,10,50,1,0,5000,1,600,50,1,20140331,50106,15,10104,15,20105,15,40105,15,6001,10002,4003,0,0,card/01205,card/01205,1,212,0,0,0,0,205,0
1206,真·殷素素,"天鹰教教主殷天正之女，艳丽非凡，智计百出，对张翠山一往情深。",0,4,4,0,1079,35,808,17,808,35,100,5,0,0,0,400,10,50,1,0,5000,1,600,50,1,20140331,50105,15,10101,15,20101,15,40104,15,10001,8002,3003,0,0,card/00206,card/00206,0,228,0,0,0,0,206,0
1207,真·杨不悔,"光明左使杨逍之女，取名“不悔”表示永不后悔这段感情。",0,1,4,0,1353,27,541,17,812,45,100,5,0,0,0,400,10,50,1,0,5000,1,600,50,1,20140331,50104,15,10104,15,20101,15,40103,15,2001,4002,8003,0,0,card/00207,card/00207,0,228,0,0,0,0,207,0
1208,真·程瑶迦,"程家大小姐，拜全真七子中的孙不二为师，与陆冠英结为夫妻。",0,5,4,0,1082,45,541,17,1082,27,100,5,0,0,0,400,10,50,1,0,5000,1,600,50,1,20140331,50107,15,10102,15,20104,15,40105,15,6001,1002,5003,0,0,card/00208,card/00208,0,205,0,0,0,0,208,0
1209,真·陆冠英,"归云庄少庄主，陆乘风之子，后来与程瑶迦结为夫妻。",0,2,4,0,812,26,541,36,1353,26,100,5,0,0,0,400,10,50,1,0,5000,1,600,50,1,20140331,50110,15,10102,15,20102,15,40103,15,4001,13002,5003,0,0,card/00209,card/00209,0,205,0,0,0,0,209,0
1210,真·贝锦仪,"峨眉第四代弟子，同情同门遭遇，正邪分明。",0,1,4,0,1082,45,812,26,812,17,100,5,0,0,0,400,10,50,1,0,5000,1,600,50,1,20140331,50110,15,10102,15,20105,15,40104,15,10001,10002,2003,0,0,card/00210,card/00210,0,206,0,0,0,0,210,0
1211,真·全冠清,"外号“十方秀才”，城府极深。发动丐帮政变，逼走帮主乔峰。",0,1,4,0,539,45,1081,17,1081,27,100,5,0,0,0,400,10,50,1,0,5000,1,600,50,1,20140331,50102,15,10103,15,20102,15,40101,15,7001,12002,3003,0,0,card/00211,card/00211,0,226,0,0,0,0,211,0
1212,真·陈玄风,"外号铜尸，是桃花岛主黄老邪的弟子，与梅超风相爱，私定终身。",0,2,4,0,1082,27,541,27,1082,35,100,5,0,0,0,400,10,50,1,0,5000,1,600,50,1,20140331,50107,15,10104,15,20101,15,40102,15,13001,3002,1003,0,0,card/00212,card/00212,0,213,0,0,0,0,212,0
1213,真·小青,"修炼五百年化为人形，爱憎分明、忠于友情。",0,4,4,0,1082,26,812,35,812,26,100,5,0,0,0,400,10,50,1,0,5000,1,600,50,1,20140331,50103,15,10105,15,20104,15,40101,15,10001,10002,2003,0,0,card/00213,card/00213,0,216,0,0,0,0,213,0
1214,真·萧咪咪,"十大恶人之一，生性风流，不惑之年却妖艳依旧，外号“迷死人不偿命”",0,1,4,0,539,45,1081,27,1081,17,100,5,0,0,0,400,10,50,1,0,5000,1,600,50,1,20140331,50101,15,10104,15,20103,15,40102,15,13001,4002,3003,0,0,card/00214,card/00214,0,228,0,0,0,0,214,0
1215,真·华筝,"成吉思汗之女，爱慕郭靖，但最终未能如愿，去西域投奔兄长。",0,5,4,0,812,18,1082,36,812,36,100,5,0,0,0,400,10,50,1,0,5000,1,600,50,1,20140331,50101,15,10102,15,20102,15,40103,15,2001,3002,9003,0,0,card/00215,card/00215,0,224,229,0,0,0,215,0
1216,真·丁敏尹,"峨眉四代弟子，周芷若师姐",0,2,4,0,541,45,541,26,1624,17,100,5,0,0,0,400,10,50,1,0,5000,1,600,50,1,20140331,50103,15,10103,15,20103,15,40103,15,4001,11002,11003,0,0,card/00216,card/00216,0,206,0,0,0,0,216,0
1217,真·程灵素,"继承毒手药王遗作《药王神篇》，培育七心海棠。机智聪敏，料事如神。",0,4,4,0,1082,36,812,27,812,27,100,5,0,0,0,400,10,50,1,0,5000,1,600,50,1,20140331,50106,15,10105,15,20102,15,40101,15,10001,11002,1003,0,0,card/00217,card/00217,0,225,0,0,0,0,217,0
1218,真·蓝凤凰,"任盈盈的属下，五毒教教主，喜养毒蛇，能炼制蛊毒。",0,3,4,0,808,17,1079,26,808,45,100,5,0,0,0,400,10,50,1,0,5000,1,600,50,1,20140331,50107,15,10104,15,20104,15,40102,15,2001,6002,11003,0,0,card/00218,card/00218,0,223,0,0,0,0,218,0
1219,真·金花婆婆,"明教四大法王之首，号称“紫衫龙王”，武功高强怪异，小昭之母。",0,3,4,0,1351,27,539,45,810,17,100,5,0,0,0,400,10,50,1,0,5000,1,600,50,1,20140331,50109,15,10105,15,20104,15,40102,15,2001,13002,13003,0,0,card/00219,card/00219,0,222,0,0,0,0,219,0
1220,真·白世镜,"丐帮的执法长老，铁面无私，帮中大小人见到了他都要惧怕三分。",0,2,4,0,1079,26,539,26,1079,36,100,5,0,0,0,400,10,50,1,0,5000,1,600,50,1,20140331,50107,15,10102,15,20101,15,40101,15,4001,13002,2003,0,0,card/00220,card/00220,0,221,226,0,0,0,220,0
1301,真·阿朱,"姑苏慕容二婢之一，女代父过死于乔峰之手，造成终身遗憾。",0,3,5,0,2338,72,936,42,1402,28,100,5,0,0,0,450,10,100,1,0,10000,1,800,100,1,20140331,50203,15,10203,15,20204,15,40205,15,9001,8002,1003,6004,0,card/00301,card/00301,0,207,208,210,0,0,301,0
1302,真·阿紫,"丁春秋门下长大，阿朱之妹，为人容貌娇艳、刁蛮阴戾。",0,5,5,0,1399,28,1399,57,1865,57,100,5,0,0,0,450,10,100,1,0,10000,1,800,100,1,20140331,50211,15,10202,15,20204,15,40201,15,10001,7002,5003,7004,0,card/00302,card/00302,0,207,208,0,0,0,302,0
1303,真·阮星竹,"顽皮敏黠，武功神秘，善易容之术。是阿朱和阿紫的母亲。",0,1,5,0,934,72,2335,28,1400,42,100,5,0,0,0,450,10,100,1,0,10000,1,800,100,1,20140331,50212,15,10205,15,20205,15,40202,15,8001,4002,2003,10004,0,card/00303,card/00303,0,204,0,0,0,0,303,0
1304,真·李一凡,"丐帮传功长老，和蔼可亲悉心指教，丐帮弟子多有尊敬。",0,5,5,0,2332,57,932,57,1399,28,100,5,0,0,0,450,10,100,1,0,10000,1,800,100,1,20140331,50201,15,10202,15,20203,15,40205,15,9001,10002,11003,3004,0,card/00304,card/00304,0,221,226,0,0,0,304,0
1305,真·殷离,"张无忌表妹，为金花婆婆收留，一直倾慕回忆中的张无忌。",0,2,5,0,1878,28,937,72,1878,42,100,5,0,0,0,450,10,100,1,0,10000,1,800,100,1,20140331,50202,15,10204,15,20201,15,40205,15,11001,4002,6003,3004,0,card/00305,card/00305,0,207,208,0,0,0,305,0
1306,真·枯荣大师,"大理皇室宗亲，在天龙寺出家为僧，武功高强德高望重，掌有六脉神剑剑谱。",0,2,5,0,2332,57,932,57,1399,28,100,5,0,0,0,450,10,100,1,0,10000,1,800,100,1,20140331,50204,15,10202,15,20205,15,40202,15,12001,4002,2003,11004,0,card/00306,card/00306,0,209,0,0,0,0,306,0
1308,真·叶二娘,"四大恶人之一。温柔美貌，端庄贞淑。后忆子成痴，盗取婴儿玩弄。",0,2,5,0,1865,72,932,28,1865,43,100,5,0,0,0,450,10,100,1,0,10000,1,800,100,1,20140331,50206,15,10202,15,20204,15,40204,15,10001,12002,12003,7004,0,card/00308,card/00308,0,217,0,0,0,0,308,0
1309,真·慕容九,"慕容世家的九姑娘，人称慕容九妹，才色兼备。",0,2,5,0,932,28,932,42,2798,72,100,5,0,0,0,450,10,100,1,0,10000,1,800,100,2,20140331,50203,15,10205,15,20205,15,40204,15,4001,3002,9003,8004,0,card/00309,card/00309,0,228,0,0,0,0,309,0
1310,真·铁心兰,"在小鱼和无缺之中芳心难定，柔肠百转。",0,1,5,0,934,43,934,57,2803,43,100,5,0,0,0,450,10,100,1,0,10000,1,800,100,2,20140331,50208,15,10201,15,20203,15,40201,15,10001,13002,2003,9004,0,card/00310,card/00310,0,218,0,0,0,0,310,0
1314,真·胡一刀,"“飞天狐狸”胡天的后人。武功极高，豪迈柔情，人称“辽东大侠”。",0,3,5,0,937,72,1878,28,1878,42,100,5,0,0,0,450,10,100,1,0,10000,1,800,100,1,20140331,50201,15,10204,15,20205,15,40202,15,9001,8002,3003,1004,0,card/00314,card/00314,0,219,225,0,0,0,314,0
1316,真·白娘子,"青城山下修练千年化为人形，造福一方百姓。",0,5,5,0,932,28,1865,57,1865,57,100,5,0,0,0,450,10,100,1,0,10000,1,800,100,1,20140331,50209,15,10203,15,20204,15,40205,15,13001,4002,3003,12004,0,card/00316,card/00316,0,216,0,0,0,0,316,0
1317,真·段正淳,"大理国镇南王。样貌威严，生性风流。",0,2,5,0,2332,42,932,58,1399,42,100,5,0,0,0,450,10,100,1,0,10000,1,800,100,1,20140331,50209,15,10204,15,20201,15,40201,15,10001,10002,12003,8004,0,card/00317,card/00317,0,209,0,0,0,0,317,0
1318,真·段延庆,"原大理国太子，流亡出外，后为四大恶人之首，人称“恶贯满盈”",0,3,5,0,1865,42,1399,28,1399,72,100,5,0,0,0,450,10,100,1,0,10000,1,800,100,1,20140331,50211,15,10205,15,20201,15,40203,15,4001,2002,7003,10004,0,card/00318,card/00318,0,209,217,0,0,0,318,0
1319,真·苗人凤,"古往今来，打遍天下无敌手。又号金面佛。",0,1,5,0,932,28,2332,72,1399,42,100,5,0,0,0,450,10,100,1,0,10000,1,800,100,1,20140331,50204,15,10205,15,20203,15,40202,15,12001,1002,9003,12004,0,card/00319,card/00319,0,219,0,0,0,0,319,0
1320,真·大海歌姬,"来自异域，吟唱着迷情之歌，蛊惑武林人士。",0,3,5,0,1399,42,1865,58,1399,42,100,5,0,0,0,450,10,100,1,0,10000,1,800,100,1,20140331,50212,15,10205,15,20202,15,40204,15,10001,4002,3003,12004,0,card/00320,card/00320,0,227,0,0,0,0,320,0
1401,真·邀月,"移花宫大宫主，容貌能与日月争辉，气质出尘，性格冷若冰霜。",0,3,6,0,3685,53,1472,107,2210,107,100,5,0,0,0,450,10,100,1,0,20000,1,1000,200,1,20140331,50310,15,10301,15,20304,15,40302,15,12001,8002,1003,11004,12005,card/004010,card/004010,1,220,231,0,0,0,401,0
1402,真·纪筱芙,"峨嵋派弟子,但是却因对明教左使杨逍产生情意,离开峨眉,最后含恨而终。",0,4,6,0,1472,80,1472,108,4421,80,100,5,0,0,0,450,10,100,1,0,20000,1,1000,200,1,20140331,50305,15,10304,15,20304,15,40302,15,5001,10002,1003,10004,4005,card/01402,card/01402,1,206,0,0,0,0,402,0
1403,真·怜星,"移花宫二宫主，心地较邀月宫主善良。",0,3,6,0,2212,79,1474,53,3686,135,100,5,0,0,0,450,10,100,1,0,20000,1,1000,200,1,20140331,50302,15,10303,15,20304,15,40303,15,9001,1002,8003,5004,2005,card/004030,card/004030,1,220,0,0,0,0,403,0
1404,真·刀白凤,"大理镇南王段正淳的正门妻子，受不了丈夫风流，出家号玉虚散人。",0,4,6,0,1477,53,3695,135,2216,79,100,5,0,0,0,450,10,100,1,0,20000,1,1000,200,1,20140331,50303,15,10301,15,20303,15,40303,15,3001,10002,10003,8004,12005,card/00404,card/00404,0,204,0,0,0,0,404,0
1405,真·成吉思汗,"意为“拥有海洋四方”。建立大蒙古国，此后多次发动对外侵略战争。",0,5,6,0,2216,80,1477,108,3695,80,100,5,0,0,0,450,10,100,1,0,20000,1,1000,200,1,20140331,50301,15,10301,15,20301,15,40304,15,11001,6002,6003,1004,7005,card/00405,card/00405,0,229,234,0,0,0,405,0
1406,真·燕南天,"江湖人称“天下第一神剑”",0,3,6,0,2947,135,2210,53,2210,81,100,5,0,0,0,450,10,100,1,0,20000,1,1000,200,1,20140331,50305,15,10303,15,20303,15,40301,15,12001,1002,12003,7004,13005,card/004060,card/004060,1,231,0,0,0,0,406,0
1407,真·西夏公主,"西夏国的公主,李秋水的孙女。在冰窖中初遇虚竹便对之倾心。",0,5,6,0,3686,134,1474,53,2212,80,100,5,0,0,0,450,10,100,1,0,20000,1,1000,200,3,20140331,50304,15,10303,15,20301,15,40303,15,3001,11002,4003,9004,4005,card/00407,card/00407,0,230,232,0,0,0,407,0
1408,真·香香公主,"勇敢，坚贞，高尚，如明珠，似美玉，明艳无伦。",0,4,6,0,1474,81,3686,81,2212,107,100,5,0,0,0,450,10,100,1,0,20000,1,1000,200,1,20140331,50309,15,10304,15,20301,15,40303,15,5001,11002,2003,4004,12005,card/00408,card/00408,0,232,0,0,0,0,408,0
1409,真·王语嫣,"熟读各派武学秘笈，能看出各家武功招式，是一位武学理论家，却不谙武功。",0,1,6,0,2216,135,2216,53,2955,80,100,5,0,0,0,450,10,100,1,0,20000,1,1000,200,1,20140331,50309,15,10302,15,20301,15,40301,15,4001,12002,10003,8004,6005,card/00409,card/00409,0,207,208,0,0,0,409,0
1410,真·东方青龙,"东方之神，亦称“苍龙”，笑傲天下，唯我独尊。",0,2,6,0,1931,53,3401,80,2040,135,100,5,0,0,0,450,10,100,1,0,20000,1,1000,200,1,20140331,50303,15,10303,15,20301,15,40302,15,11001,7002,6003,9004,2005,card/00410,card/00410,0,233,0,0,0,0,410,0
1411,真·西方白虎,"西方之神，亦为战伐之神，嫉恶如仇，敢爱敢恨。",0,1,6,0,3225,53,2119,53,2027,161,100,5,0,0,0,450,10,100,1,0,20000,1,1000,200,1,20140331,50304,15,10302,15,20301,15,40304,15,7001,8002,10003,10004,12005,card/00411,card/00411,0,233,0,0,0,0,411,0
1412,真·北方玄武,"北方之神，又为真武之神，通阴阳掌生死，正义十足。",0,3,6,0,2395,80,2671,107,2304,80,100,5,0,0,0,450,10,100,1,0,20000,1,1000,200,1,20140331,50301,15,10302,15,20304,15,40303,15,12001,9002,1003,11004,11005,card/00412,card/00412,0,233,0,0,0,0,412,0
1413,真·南方朱雀,"南方之神，亦称朱鸟，掌控火焰之力，热情似火。",0,4,6,0,1636,134,2863,80,2863,53,100,5,0,0,0,450,10,100,1,0,20000,1,1000,200,1,20140331,50305,15,10301,15,20303,15,40301,15,4001,8002,9003,5004,12005,card/00413,card/00413,0,233,0,0,0,0,413,0
1414,真·异界暹罗,"来自西域，为异界之神，感悟天地，自成大家。",0,5,6,0,3686,80,1474,108,2212,80,100,5,0,0,0,450,10,100,1,0,20000,1,1000,200,1,20140331,50308,15,10301,15,20304,15,40301,15,4001,3002,8003,1004,12005,card/00414,card/00414,0,233,0,0,0,0,414,0
1415,真·完颜洪烈,"金国六王子，相貌英俊，强干精明，野心勃勃。",0,1,6,0,2304,135,2856,80,2212,53,100,5,0,0,0,450,10,100,1,0,20000,1,1000,200,1,20140331,50301,15,10304,15,20301,15,40304,15,4001,8002,7003,3004,6005,card/00415,card/00415,0,234,0,0,0,0,415,0
1416,真·圣诞神兽,"圣诞节才会出没的神兽，为大家送上圣诞的祝福。",0,3,6,0,2558,98,2550,100,2544,101,100,5,0,0,0,450,10,100,1,0,10000,1,1000,200,1,20140331,50305,40,10306,40,20306,40,40306,40,3001,4002,5003,6004,7005,card/00416,card/00416,0,0,0,0,0,0,416,0
10001,桃木剑,"桃木做的剑,道观中随处可见。",1,0,1,0,28,9,0,0,0,0,100,0,0,0,0,100,0,0,0,增加攻击力,100,1,200,10,1,20140331,0,0,0,0,0,0,0,0,0,0,0,0,0,card/10001,card/10001,1,0,0,0,0,0,10001,0
10002,竹棒,"传说中越女剑法来自于一根竹棒。",1,0,1,0,29,10,0,0,0,0,100,0,0,0,0,100,0,0,0,增加攻击力,100,1,200,10,1,20140331,0,0,0,0,0,0,0,0,0,0,0,0,0,card/10002,card/10002,1,0,0,0,0,0,10002,0
10003,绣花针,"缝缝补补的绣花针也是一种武器。",1,0,1,0,30,10,0,0,0,0,100,0,0,0,0,100,0,0,0,增加攻击力,100,1,200,10,1,20140331,0,0,0,0,0,0,0,0,0,0,0,0,0,card/10003,card/10003,1,0,0,0,0,0,10003,0
10004,霸王枪,"江湖上独一无二的一杆枪,枪尖和枪杆都是纯钢。",1,0,1,0,31,10,0,0,0,0,100,0,0,0,0,100,0,0,0,增加攻击力,100,1,200,10,1,20140331,0,0,0,0,0,0,0,0,0,0,0,0,0,card/10004,card/10004,1,0,0,0,0,0,10004,0
10005,金刚杵,"金刚所铸,自重五十余斤,相当给力。",1,0,1,0,32,11,0,0,0,0,100,0,0,0,0,100,0,0,0,增加攻击力,100,1,200,10,1,20140331,0,0,0,0,0,0,0,0,0,0,0,0,0,card/10005,card/10005,1,0,0,0,0,0,10005,0
10101,君子剑,"剑身乌黑,没半点光泽,与淑女剑是一对。",1,0,2,0,44,16,0,0,0,0,200,0,0,0,0,200,0,0,0,增加攻击力,100,1,400,20,1,20140331,0,0,0,0,0,0,0,0,0,0,0,0,0,card/10101,card/10101,1,0,0,0,0,0,10101,0
10102,淑女剑,"剑身乌黑,没半点光泽,与君子剑是一对。",1,0,2,0,43,16,0,0,0,0,200,0,0,0,0,200,0,0,0,增加攻击力,100,1,400,20,1,20140331,0,0,0,0,0,0,0,0,0,0,0,0,0,card/10102,card/10102,1,0,0,0,0,0,10102,0
10103,鸳鸯刀,"这把刀的一切关键是在于刀上的仁者无敌四个字。",1,0,2,0,37,15,0,0,0,0,200,0,0,0,0,200,0,0,0,增加攻击力,100,1,400,20,1,20140331,0,0,0,0,0,0,0,0,0,0,0,0,0,card/10103,card/10103,1,0,0,0,0,0,10103,0
10104,附骨针,"只要伸手在敌人身上一拍,那针便深入肉里,牢牢钉在骨骼的关节之中。",1,0,2,0,39,14,0,0,0,0,200,0,0,0,0,200,0,0,0,增加攻击力,100,1,400,20,1,20140331,0,0,0,0,0,0,0,0,0,0,0,0,0,card/10104,card/10104,1,0,0,0,0,0,10104,0
10105,鳄鱼剪,"像鳄鱼嘴一般锋利的剪子,巨大无比。",1,0,2,0,37,15,0,0,0,0,200,0,0,0,0,200,0,0,0,增加攻击力,100,1,400,20,1,20140331,0,0,0,0,0,0,0,0,0,0,0,0,0,card/10105,card/10105,1,0,0,0,0,0,10105,0
10201,血凝刀,"刀薄如纸,削铁如泥,所到之处鲜血淋漓。",1,0,3,0,48,19,0,0,0,0,300,0,0,0,0,300,0,0,0,增加攻击力,100,1,600,30,1,20140331,0,0,0,0,0,0,0,0,0,0,0,0,0,card/10201,card/10201,1,0,0,0,0,0,10201,0
10202,紫薇剑,"身宽不过寸余,但却寒气逼人,剑刃柔软,微微颤动,散出一片剑花。",1,0,3,0,54,20,0,0,0,0,300,0,0,0,0,300,0,0,0,增加攻击力,100,1,600,30,1,20140331,0,0,0,0,0,0,0,0,0,0,0,0,0,card/10202,card/10202,1,0,0,0,0,0,10202,0
10203,蛇杖,"顶部是一个蛇头矗立,被攻击后容易中毒。",1,0,3,0,49,19,0,0,0,0,300,0,0,0,0,300,0,0,0,增加攻击力,100,1,600,30,1,20140331,0,0,0,0,0,0,0,0,0,0,0,0,0,card/10203,card/10203,1,0,0,0,0,0,10203,0
10204,冷月刀,"刀刃拔出鞘的时候,寒光闪烁不定,刀柄上用金丝银丝镶著一钩眉毛月之形。",1,0,3,0,47,18,0,0,0,0,300,0,0,0,0,300,0,0,0,增加攻击力,100,1,600,30,1,20140331,0,0,0,0,0,0,0,0,0,0,0,0,0,card/10204,card/10204,1,0,0,0,0,0,10204,0
10205,五行轮,"必须经过特殊训练才能使用的武器,使用不当反而容易受伤。",1,0,3,0,53,21,0,0,0,0,300,0,0,0,0,300,0,0,0,增加攻击力,100,1,600,30,1,20140331,0,0,0,0,0,0,0,0,0,0,0,0,0,card/10205,card/10205,1,0,0,0,0,0,10205,0
10301,打狗棒,"丐帮帮主的信物,通体碧绿,棒轻且结实,刀剑相拼都不断。",1,0,4,0,56,31,0,0,0,0,400,0,0,0,0,400,0,0,0,增加攻击力,100,1,800,40,1,20140331,0,0,0,0,0,0,0,0,0,0,0,0,0,card/10301,card/10301,1,0,0,0,0,0,10301,0
10302,蛇形剑,"整柄剑就如是一条蛇盘曲而成,蛇尾勾成剑柄,蛇头则是剑尖,蛇舌伸出分叉,是以剑尖竟有两叉。",1,0,4,0,66,31,0,0,0,0,400,0,0,0,0,400,0,0,0,增加攻击力,100,1,800,40,1,20140331,0,0,0,0,0,0,0,0,0,0,0,0,0,card/10302,card/10302,1,0,0,0,0,0,10302,0
10303,屠龙刀,"武林至尊,宝刀屠龙,号令天下谁敢不从。",1,0,4,0,61,33,0,0,0,0,400,0,0,0,0,400,0,0,0,增加攻击力,100,1,800,40,1,20140331,0,0,0,0,0,0,0,0,0,0,0,0,0,card/10303,card/10303,1,0,0,0,0,0,10303,0
10304,倚天剑,"倚天不出谁与争锋,玄铁大剑重铸后打造的又一利器。",1,0,4,0,57,33,0,0,0,0,400,0,0,0,0,400,0,0,0,增加攻击力,100,1,800,40,1,20140331,0,0,0,0,0,0,0,0,0,0,0,0,0,card/10304,card/10304,1,0,0,0,0,0,10304,0
10305,伏魔铲,"伏魔罗汉所使用过的铲子，平时可以用来锄地。",1,0,4,0,66,30,0,0,0,0,400,0,0,0,0,400,0,0,0,增加攻击力,100,1,800,40,1,20140331,0,0,0,0,0,0,0,0,0,0,0,0,0,card/10305,card/10305,1,0,0,0,0,0,10305,0
10306,拐棍糖,"圣诞节必备道具，没个拐糖棍出门都不好意思和人家打招呼。",1,0,4,0,62,43,0,0,0,0,400,0,0,0,0,400,0,0,0,增加攻击力,100,1,800,40,1,20140331,0,0,0,0,0,0,0,0,0,0,0,0,0,card/10306,card/10306,1,0,0,0,0,0,10306,0
10307,灯笼,"那么好的灯笼真是提着灯笼也难找啊。",1,0,4,0,62,43,0,0,0,0,400,0,0,0,0,400,0,0,0,增加攻击力,100,1,800,40,1,20140331,0,0,0,0,0,0,0,0,0,0,0,0,0,card/10307,card/10307,1,0,0,0,0,0,10307,0
10401,玄铁重剑,"重剑无锋,大巧不工,四十岁后持之可横行天下。",1,0,5,0,74,50,0,0,0,0,500,0,0,0,0,450,0,0,0,增加攻击力,100,1,1000,50,1,20140331,0,0,0,0,0,0,0,0,0,0,0,0,0,card/10401,card/10401,1,0,0,0,0,0,10401,0
10402,霸王弓,"威力无比，弓身乃玄铁打造，重127斤，弓弦传说是一条黑蛟龙的背筋。",1,0,5,0,77,52,0,0,0,0,500,0,0,0,0,450,0,0,0,增加攻击力,100,1,1000,50,1,20140331,0,0,0,0,0,0,0,0,0,0,0,0,0,card/10402,card/10402,1,0,0,0,0,0,10402,0
10403,真武剑,"真武一出，扫荡群邪，威震江湖。",1,0,5,0,73,48,0,0,0,0,500,0,0,0,0,450,0,0,0,增加攻击力,100,1,1000,50,1,20140331,0,0,0,0,0,0,0,0,0,0,0,0,0,card/10403,card/10403,1,0,0,0,0,0,10403,0
10404,龙牙刀,"上古邪武宝刀，锋利无比，可反噬主人。",1,0,5,0,71,56,0,0,0,0,500,0,0,0,0,450,0,0,0,增加攻击力,100,1,1000,50,1,20140331,0,0,0,0,0,0,0,0,0,0,0,0,0,card/10404,card/10404,1,0,0,0,0,0,10404,0
10405,怒龙斧,"传说以龙血所铸斧头，全身血红，霸气十足。",1,0,5,0,70,51,0,0,0,0,500,0,0,0,0,450,0,0,0,增加攻击力,100,1,1000,50,1,20140331,0,0,0,0,0,0,0,0,0,0,0,0,0,card/10405,card/10405,1,0,0,0,0,0,10405,0
19999,S·玄铁剑,"重剑无锋,大巧不工,四十岁后持之可横行天下。",1,0,5,0,99999,32,0,0,0,0,500,0,0,0,0,450,0,0,0,增加攻击力,100,1,1000,50,1,20140331,0,0,0,0,0,0,0,0,0,0,0,0,0,card/19999,card/19999,0,0,0,0,0,0,19999,0
20001,夜行衣,"夜晚出没的装备,穿上后在黑夜中不容易被发现。",2,0,1,0,0,0,29,9,0,0,100,0,0,0,0,100,0,0,0,增加防御力,100,1,200,10,1,20140331,0,0,0,0,0,0,0,0,0,0,0,0,0,card/20001,card/20001,1,0,0,0,0,0,20001,0
20002,皮衣,"简单的皮衣,并没有什么特别之处。",2,0,1,0,0,0,30,10,0,0,100,0,0,0,0,100,0,0,0,增加防御力,100,1,200,10,1,20140331,0,0,0,0,0,0,0,0,0,0,0,0,0,card/20002,card/20002,1,0,0,0,0,0,20002,0
20003,粗布衣,"粗布制成的上衣,防御力一般。 ",2,0,1,0,0,0,31,10,0,0,100,0,0,0,0,100,0,0,0,增加防御力,100,1,200,10,1,20140331,0,0,0,0,0,0,0,0,0,0,0,0,0,card/20003,card/20003,1,0,0,0,0,0,20003,0
20004,麻布衣,"麻布做的衣服,适合初入江湖者使用。",2,0,1,0,0,0,28,10,0,0,100,0,0,0,0,100,0,0,0,增加防御力,100,1,200,10,1,20140331,0,0,0,0,0,0,0,0,0,0,0,0,0,card/20004,card/20004,1,0,0,0,0,0,20004,0
20005,棉布衣 ,"品质精良的棉布上衣。",2,0,1,0,0,0,31,11,0,0,100,0,0,0,0,100,0,0,0,增加防御力,100,1,200,10,1,20140331,0,0,0,0,0,0,0,0,0,0,0,0,0,card/20005,card/20005,1,0,0,0,0,0,20005,0
20101,青云衣,"质地相当轻薄,有一定防御力。",2,0,2,0,0,0,38,16,0,0,200,0,0,0,0,200,0,0,0,增加防御力,100,1,400,20,1,20140331,0,0,0,0,0,0,0,0,0,0,0,0,0,card/20101,card/20101,1,0,0,0,0,0,20101,0
20102,蚕丝衣,"蚕丝所制成的衣服,比较罕见。",2,0,2,0,0,0,44,16,0,0,200,0,0,0,0,200,0,0,0,增加防御力,100,1,400,20,1,20140331,0,0,0,0,0,0,0,0,0,0,0,0,0,card/20102,card/20102,1,0,0,0,0,0,20102,0
20103,鱼鳞甲,"鱼鳞做成的铠甲,不会影响正常的行动。",2,0,2,0,0,0,41,15,0,0,200,0,0,0,0,200,0,0,0,增加防御力,100,1,400,20,1,20140331,0,0,0,0,0,0,0,0,0,0,0,0,0,card/20103,card/20103,1,0,0,0,0,0,20103,0
20104,紫荆衣,"紫色的衣服,是十分少见的款式。",2,0,2,0,0,0,42,14,0,0,200,0,0,0,0,200,0,0,0,增加防御力,100,1,400,20,1,20140331,0,0,0,0,0,0,0,0,0,0,0,0,0,card/20104,card/20104,1,0,0,0,0,0,20104,0
20105,侠客袍,"就算不是侠客穿上后也有了侠客的味道。",2,0,2,0,0,0,38,15,0,0,200,0,0,0,0,200,0,0,0,增加防御力,100,1,400,20,1,20140331,0,0,0,0,0,0,0,0,0,0,0,0,0,card/20105,card/20105,1,0,0,0,0,0,20105,0
20201,龙鳞宝铠,"用仿造的龙鳞制作而成的衣服,拥有相当的防御力。",2,0,3,0,0,0,51,19,0,0,300,0,0,0,0,300,0,0,0,增加防御力,100,1,600,30,1,20140331,0,0,0,0,0,0,0,0,0,0,0,0,0,card/20201,card/20201,1,0,0,0,0,0,20201,0
20202,四象铠,"四大神兽在身,保护坨坨的。",2,0,3,0,0,0,52,20,0,0,300,0,0,0,0,300,0,0,0,增加防御力,100,1,600,30,1,20140331,0,0,0,0,0,0,0,0,0,0,0,0,0,card/20202,card/20202,1,0,0,0,0,0,20202,0
20203,阴阳袍,"看似普通的道袍却有着阴阳调和的真理。",2,0,3,0,0,0,55,19,0,0,300,0,0,0,0,300,0,0,0,增加防御力,100,1,600,30,1,20140331,0,0,0,0,0,0,0,0,0,0,0,0,0,card/20203,card/20203,1,0,0,0,0,0,20203,0
20204,霓云羽衣,"据说是九天仙女为大地祈福跳舞时所用,是可遇不可求的极品。",2,0,3,0,0,0,48,18,0,0,300,0,0,0,0,300,0,0,0,增加防御力,100,1,600,30,1,20140331,0,0,0,0,0,0,0,0,0,0,0,0,0,card/20204,card/20204,1,0,0,0,0,0,20204,0
20205,元帅锦袍,"兵马大元帅才有的锦袍。",2,0,3,0,0,0,46,21,0,0,300,0,0,0,0,300,0,0,0,增加防御力,100,1,600,30,1,20140331,0,0,0,0,0,0,0,0,0,0,0,0,0,card/20205,card/20205,1,0,0,0,0,0,20205,0
20301,玄铁重甲,"用玄铁造就的防具,防御和重量成正比。",2,0,4,0,0,0,58,31,0,0,400,0,0,0,0,400,0,0,0,增加防御力,100,1,800,40,1,20140331,0,0,0,0,0,0,0,0,0,0,0,0,0,card/20301,card/20301,1,0,0,0,0,0,20301,0
20302,金丝甲,"江湖上少有的背心设计,贴身穿着毫无违和感。",2,0,4,0,0,0,65,31,0,0,400,0,0,0,0,400,0,0,0,增加防御力,100,1,800,40,1,20140331,0,0,0,0,0,0,0,0,0,0,0,0,0,card/20302,card/20302,1,0,0,0,0,0,20302,0
20303,燕翎甲,"制作轻巧且容易穿卸,与玄铁制品恰恰相反。",2,0,4,0,0,0,55,33,0,0,400,0,0,0,0,400,0,0,0,增加防御力,100,1,800,40,1,20140331,0,0,0,0,0,0,0,0,0,0,0,0,0,card/20303,card/20303,1,0,0,0,0,0,20303,0
20304,天蚕圣衣,"用大雪山的上乌蚕蚕丝织成的,是一件刀枪不入的宝衣。",2,0,4,0,0,0,58,33,0,0,400,0,0,0,0,400,0,0,0,增加防御力,100,1,800,40,1,20140331,0,0,0,0,0,0,0,0,0,0,0,0,0,card/20304,card/20304,1,0,0,0,0,0,20304,0
20305,纵云靴,"穿上此靴可日行千里，如腾云驾雾一般。",2,0,4,0,0,0,61,33,0,0,400,0,0,0,0,400,0,0,0,增加防御力,100,1,800,40,1,20140331,0,0,0,0,0,0,0,0,0,0,0,0,0,card/20305,card/20305,1,0,0,0,0,0,20305,0
20306,圣诞帽,"是圣诞节不可或缺的物品之一，据说晚上戴上睡觉除了睡得安稳。",2,0,4,0,0,0,62,43,0,0,400,0,0,0,0,400,0,0,0,增加防御力,100,1,800,40,1,20140331,0,0,0,0,0,0,0,0,0,0,0,0,0,card/20306,card/20306,1,0,0,0,0,0,20306,0
20307,新年红衣,"带着喜庆的色彩，穿上后精神焕发。",2,0,4,0,0,0,62,43,0,0,400,0,0,0,0,400,0,0,0,增加防御力,100,1,800,40,1,20140331,0,0,0,0,0,0,0,0,0,0,0,0,0,card/20307,card/20307,1,0,0,0,0,0,20307,0
20401,软猬甲,"不仅刀枪不入还能防御内家拳掌,而且满布倒刺钩,如果肉掌击于其上,必为其所伤。",2,0,5,0,0,0,68,50,0,0,500,0,0,0,0,450,0,0,0,增加防御力,100,1,1000,50,1,20140331,0,0,0,0,0,0,0,0,0,0,0,0,0,card/20401,card/20401,1,0,0,0,0,0,20401,0
20402,魔君甲,"天煞魔君曾经使用的保甲，具有一定的魔性。",2,0,5,0,0,0,72,52,0,0,500,0,0,0,0,450,0,0,0,增加防御力,100,1,1000,50,1,20140331,0,0,0,0,0,0,0,0,0,0,0,0,0,card/20402,card/20402,1,0,0,0,0,0,20401,0
20403,轩辕盾,"传说轩辕皇帝所使用的盾牌，刀枪不入，抵挡所有攻击。",2,0,5,0,0,0,66,53,0,0,500,0,0,0,0,450,0,0,0,增加防御力,100,1,1000,50,1,20140331,0,0,0,0,0,0,0,0,0,0,0,0,0,card/20403,card/20403,1,0,0,0,0,0,20401,0
20404,紫绶仙冠,"妆若紫色丝带，可缠绕肩上，刀枪不入。",2,0,5,0,0,0,65,49,0,0,500,0,0,0,0,450,0,0,0,增加防御力,100,1,1000,50,1,20140331,0,0,0,0,0,0,0,0,0,0,0,0,0,card/20404,card/20404,1,0,0,0,0,0,20401,0
20405,青蚕仙衣,"万年青蚕吐出的丝而成，刀枪不入，水火不侵。",2,0,5,0,0,0,68,52,0,0,500,0,0,0,0,450,0,0,0,增加防御力,100,1,1000,50,1,20140331,0,0,0,0,0,0,0,0,0,0,0,0,0,card/20405,card/20405,1,0,0,0,0,0,20401,0
29999,超级软刺甲,"不仅刀枪不入还能防御内家拳掌,而且满布倒刺钩,如果肉掌击于其上,必为其所伤。",2,0,5,0,0,0,999999,33,0,0,500,0,0,0,0,450,0,0,0,增加防御力,100,1,1000,50,1,20140331,0,0,0,0,0,0,0,0,0,0,0,0,0,card/29999,card/29999,0,0,0,0,0,0,29999,0
30001,洗髓经,"达摩祖师留下的绝密经书,里面藏有惊天的秘密。",3,0,3,1,0,0,0,0,0,0,500,0,0,0,0,10,0,0,0,增加攻击力%s,100,300,600,30,1,20140331,0,0,0,0,0,0,0,0,0,0,0,0,0,card/30001,card/30001,0,0,0,0,0,0,30001,0
30002,太玄经,"共二十四个图谱,内藏绝世武学。",3,0,3,2,0,0,0,0,0,0,500,0,0,0,0,10,0,0,0,增加防御力%s,100,300,600,30,1,20140331,0,0,0,0,0,0,0,0,0,0,0,0,0,card/30002,card/30002,0,0,0,0,0,0,30002,0
30003,胡青牛医书,"胡青牛所著医术,强身健体好帮手。",3,0,3,3,0,0,0,0,0,0,500,0,0,0,0,10,0,0,0,增加血量%s,100,400,600,30,1,20140331,0,0,0,0,0,0,0,0,0,0,0,0,0,card/30003,card/30003,0,0,0,0,0,0,30003,0
30004,素女真经,"虽然是厉害的内功,但其实表达的却是思念之情。",3,0,4,4,0,0,0,0,0,0,500,0,0,0,0,10,0,0,0,增加暴击值%s,100,500,800,40,1,20140331,0,0,0,0,0,0,0,0,0,0,0,0,0,card/30004,card/30004,0,0,0,0,0,0,30004,0
30005,九阴真书,"四大经书之一,被人误解为记载着各种阴毒的武功。",3,0,5,5,0,0,0,0,0,0,500,0,0,0,0,10,0,0,0,增加攻击力%s,100,500,1000,50,1,20140331,0,0,0,0,0,0,0,0,0,0,0,0,0,card/30005,card/30005,0,0,0,0,0,0,30005,0
30006,九阳真书,"四大经书之一,疗伤圣典,百毒不侵。",3,0,5,6,0,0,0,0,0,0,500,0,0,0,0,10,0,0,0,增加防御力%s,100,500,1000,50,1,20140331,0,0,0,0,0,0,0,0,0,0,0,0,0,card/30006,card/30006,0,0,0,0,0,0,30006,0
30007,易筋经,"四大经书之一,强身健体,起死回生。",3,0,5,7,0,0,0,0,0,0,500,0,0,0,0,10,0,0,0,增加血量%s,100,500,1000,50,1,20140331,0,0,0,0,0,0,0,0,0,0,0,0,0,card/30007,card/30007,0,0,0,0,0,0,30007,0
30008,金蛇神功,"此秘籍中藏有心法、有剑法、有藏宝图,应有尽有。",3,0,5,8,0,0,0,0,0,0,500,0,0,0,0,10,0,0,0,增加技能触发几率%s,100,500,1000,50,1,20140331,0,0,0,0,0,0,0,0,0,0,0,0,0,card/30008,card/30008,0,0,0,0,0,0,30008,0
30009,紫霞神功,"华山至宝,唯有内功深厚才能习得。",3,0,5,9,0,0,0,0,0,0,500,0,0,0,0,10,0,0,0,增加技能伤害%s,100,500,1000,50,1,20140331,0,0,0,0,0,0,0,0,0,0,0,0,0,card/30009,card/30009,0,0,0,0,0,0,30009,0
40001,碧玉镯,"普通的玉镯,没什么特别的地方。",4,0,1,0,0,0,0,0,26,9,100,0,0,0,0,100,0,0,0,增加生命值,100,1,200,10,1,20140331,0,0,0,0,0,0,0,0,0,0,0,0,0,card/40001,card/40001,1,0,0,0,0,0,40001,0
40002,玉箫,"行走江湖耍帅必备物品,战斗中作用不明显。",4,0,1,0,0,0,0,0,27,10,100,0,0,0,0,100,0,0,0,增加生命值,100,1,200,10,1,20140331,0,0,0,0,0,0,0,0,0,0,0,0,0,card/40002,card/40002,1,0,0,0,0,0,40002,0
40003,百裂戒指,"戒身上有百道裂痕,但是异常坚固。",4,0,1,0,0,0,0,0,30,10,100,0,0,0,0,100,0,0,0,增加生命值,100,1,200,10,1,20140331,0,0,0,0,0,0,0,0,0,0,0,0,0,card/40003,card/40003,1,0,0,0,0,0,40003,0
40004,精致香囊,"纯手工打造,可飘香千里。",4,0,1,0,0,0,0,0,29,10,100,0,0,0,0,100,0,0,0,增加生命值,100,1,200,10,1,20140331,0,0,0,0,0,0,0,0,0,0,0,0,0,card/40004,card/40004,1,0,0,0,0,0,40004,0
40005,如玉金币令,"云海和尚自娱自乐的产物。",4,0,1,0,0,0,0,0,29,11,100,0,0,0,0,100,0,0,0,增加生命值,100,1,200,10,1,20140331,0,0,0,0,0,0,0,0,0,0,0,0,0,card/40005,card/40005,1,0,0,0,0,0,40005,0
40101,星光护符,"护符上全是星星,简直亮瞎了。",4,0,2,0,0,0,0,0,42,16,200,0,0,0,0,200,0,0,0,增加生命值,100,1,400,20,1,20140331,0,0,0,0,0,0,0,0,0,0,0,0,0,card/40101,card/40101,1,0,0,0,0,0,40101,0
40102,浚云护符,"护符上彩云翩然,实乃天上之物。",4,0,2,0,0,0,0,0,42,16,200,0,0,0,0,200,0,0,0,增加生命值,100,1,400,20,1,20140331,0,0,0,0,0,0,0,0,0,0,0,0,0,card/40102,card/40102,1,0,0,0,0,0,40102,0
40103,铁鱼令,"铁鱼帮信物,号令长江谁敢不从。",4,0,2,0,0,0,0,0,39,15,200,0,0,0,0,200,0,0,0,增加生命值,100,1,400,20,1,20140331,0,0,0,0,0,0,0,0,0,0,0,0,0,card/40103,card/40103,1,0,0,0,0,0,40103,0
40104,金刚护符,"由金刚石制作而成的护符,坚韧无比。",4,0,2,0,0,0,0,0,39,14,200,0,0,0,0,200,0,0,0,增加生命值,100,1,400,20,1,20140331,0,0,0,0,0,0,0,0,0,0,0,0,0,card/40104,card/40104,1,0,0,0,0,0,40104,0
40105,镇魂令,"能够镇压一些江湖人士,令他们暂时听命于你。",4,0,2,0,0,0,0,0,40,15,200,0,0,0,0,200,0,0,0,增加生命值,100,1,400,20,1,20140331,0,0,0,0,0,0,0,0,0,0,0,0,0,card/40105,card/40105,1,0,0,0,0,0,40105,0
40201,行军令,"可调动军队的令牌,权力的象征。",4,0,3,0,0,0,0,0,49,19,300,0,0,0,0,300,0,0,0,增加生命值,100,1,600,30,1,20140331,0,0,0,0,0,0,0,0,0,0,0,0,0,card/40201,card/40201,1,0,0,0,0,0,40201,0
40202,龙纹护符,"护符上纹有青龙,非富贵人家不会拥有。",4,0,3,0,0,0,0,0,50,20,300,0,0,0,0,300,0,0,0,增加生命值,100,1,600,30,1,20140331,0,0,0,0,0,0,0,0,0,0,0,0,0,card/40202,card/40202,1,0,0,0,0,0,40202,0
40203,绿玉竹符,"相传是苗疆才有的护身符,驱邪挡灾。",4,0,3,0,0,0,0,0,48,19,300,0,0,0,0,300,0,0,0,增加生命值,100,1,600,30,1,20140331,0,0,0,0,0,0,0,0,0,0,0,0,0,card/40203,card/40203,1,0,0,0,0,0,40203,0
40204,五色令旗,"五大剑派掌门信物,非同小可。",4,0,3,0,0,0,0,0,47,18,300,0,0,0,0,300,0,0,0,增加生命值,100,1,600,30,1,20140331,0,0,0,0,0,0,0,0,0,0,0,0,0,card/40204,card/40204,1,0,0,0,0,0,40204,0
40205,宣清束,"太白金星遗失的宝物,传说得到此物的人可能力大增。",4,0,3,0,0,0,0,0,54,21,300,0,0,0,0,300,0,0,0,增加生命值,100,1,600,30,1,20140331,0,0,0,0,0,0,0,0,0,0,0,0,0,card/40205,card/40205,1,0,0,0,0,0,40205,0
40301,玄铁指环,"峨眉派掌门信物,非掌门不传之宝。",4,0,4,0,0,0,0,0,65,31,400,0,0,0,0,400,0,0,0,增加生命值,100,1,800,40,1,20140331,0,0,0,0,0,0,0,0,0,0,0,0,0,card/40301,card/40301,1,0,0,0,0,0,40301,0
40302,玄铁令,"承诺的象征,奇重无比,拥有这令牌可以让人做任何事。",4,0,4,0,0,0,0,0,62,31,400,0,0,0,0,400,0,0,0,增加生命值,100,1,800,40,1,20140331,0,0,0,0,0,0,0,0,0,0,0,0,0,card/40302,card/40302,1,0,0,0,0,0,40302,0
40303,圣火令,"看似普通的令牌中却隐藏着武功秘籍。",4,0,4,0,0,0,0,0,56,33,400,0,0,0,0,400,0,0,0,增加生命值,100,1,800,40,1,20140331,0,0,0,0,0,0,0,0,0,0,0,0,0,card/40303,card/40303,1,0,0,0,0,0,40303,0
40304,七宝指环,"飘渺派掌门信物,非掌门不传之宝。",4,0,4,0,0,0,0,0,58,33,400,0,0,0,0,400,0,0,0,增加生命值,100,1,800,40,1,20140331,0,0,0,0,0,0,0,0,0,0,0,0,0,card/40304,card/40304,1,0,0,0,0,0,40304,0
40305,风火宝轮,"炉火炼铸此物三天三夜方才打造完成。",4,0,4,0,0,0,0,0,60,33,400,0,0,0,0,400,0,0,0,增加生命值,100,1,800,40,1,20140331,0,0,0,0,0,0,0,0,0,0,0,0,0,card/40305,card/40305,1,0,0,0,0,0,40305,0
40306,圣诞树,"总觉得圣诞节看不见圣诞树就会少点什么。",4,0,4,0,0,0,0,0,62,43,400,0,0,0,0,400,0,0,0,增加生命值,100,1,800,40,1,20140331,0,0,0,0,0,0,0,0,0,0,0,0,0,card/40306,card/40306,1,0,0,0,0,0,40306,0
40307,炮竹,"让我们在炮竹声中迎接新一年的到来吧！",4,0,4,0,0,0,0,0,62,43,400,0,0,0,0,400,0,0,0,增加生命值,100,1,800,40,1,20140331,0,0,0,0,0,0,0,0,0,0,0,0,0,card/40307,card/40307,1,0,0,0,0,0,40307,0
40401,岳飞兵书,"岳飞常胜不衰的法宝,现今下落不明。",4,0,5,0,0,0,0,0,71,50,500,0,0,0,0,450,0,0,0,增加生命值,100,1,1000,50,1,20140331,0,0,0,0,0,0,0,0,0,0,0,0,0,card/40401,card/40401,1,0,0,0,0,0,40401,0
40402,万妖幡,"传说吸取了万妖之力，具有相当的守护效果。",4,0,5,0,0,0,0,0,67,53,500,0,0,0,0,450,0,0,0,增加生命值,100,1,1000,50,1,20140331,0,0,0,0,0,0,0,0,0,0,0,0,0,card/40402,card/40402,1,0,0,0,0,0,40402,0
40403,镇魂钟,"具有能镇压魂魄的钟，听到钟声的魂魄会被吸进钟内。",4,0,5,0,0,0,0,0,72,49,500,0,0,0,0,450,0,0,0,增加生命值,100,1,1000,50,1,20140331,0,0,0,0,0,0,0,0,0,0,0,0,0,card/40403,card/40403,1,0,0,0,0,0,40403,0
40404,遮天印,"仙印，底面刻有“天”字，投掷攻击，百发百中，专打人头顶。",4,0,5,0,0,0,0,0,70,51,500,0,0,0,0,450,0,0,0,增加生命值,100,1,1000,50,1,20140331,0,0,0,0,0,0,0,0,0,0,0,0,0,card/40404,card/40404,1,0,0,0,0,0,40404,0
40405,阴阳镜,"照在人身上可定生死，有阴阳两面，阴面为白，阳面为红，白的一晃是死路，红的一晃是生门。",4,0,5,0,0,0,0,0,74,52,500,0,0,0,0,450,0,0,0,增加生命值,100,1,1000,50,1,20140331,0,0,0,0,0,0,0,0,0,0,0,0,0,card/40405,card/40405,1,0,0,0,0,0,40405,0
49999,超岳飞兵书,"岳飞常胜不衰的法宝,现今下落不明。",4,0,5,0,0,0,0,0,999999,35,500,0,0,0,0,450,0,0,0,增加生命值,100,1,1000,50,1,20140331,0,0,0,0,0,0,0,0,0,0,0,0,0,card/49999,card/49999,0,0,0,0,0,0,49999,0
50001,飞蝗石,由于掷出的石块像飞在空中的蝗虫一样是武林中人常用的一种暗器。,5,4,1,0,0,0,0,0,0,0,100,0,0,0,50001,10,0,0,0,0,50,100,200,10,1,20140331,0,0,0,0,0,0,0,0,0,0,0,0,0,card/50001,card/50001,0,0,0,0,0,0,50001,0
50002,全真剑法,"全真教基础剑法,但其中却又无穷变化。",5,1,1,0,0,0,0,0,0,0,100,0,0,0,50002,10,0,0,0,0,50,100,200,10,1,20140331,0,0,0,0,0,0,0,0,0,0,0,0,0,card/50002,card/50002,0,0,0,0,0,0,50002,0
50003,吸功入地,"这是一种移花接木、借力打力的功法,将对方的内力导入地下,使之不能为害。",5,3,1,0,0,0,0,0,0,0,100,0,0,0,50003,10,0,0,0,0,50,100,200,10,1,20140331,0,0,0,0,0,0,0,0,0,0,0,0,0,card/50003,card/50003,0,0,0,0,0,0,50003,0
50004,太祖棍法,"由宋太祖开创的一套棍法,本意是让人强身健体。",5,5,1,0,0,0,0,0,0,0,100,0,0,0,50004,10,0,0,0,0,50,100,200,10,1,20140331,0,0,0,0,0,0,0,0,0,0,0,0,0,card/50004,card/50004,0,0,0,0,0,0,50004,0
50005,峨眉掌法,"峨眉派基本掌法,初级弟子必学招数。",5,2,1,0,0,0,0,0,0,0,100,0,0,0,50005,10,0,0,0,0,50,100,200,10,1,20140331,0,0,0,0,0,0,0,0,0,0,0,0,0,card/50005,card/50005,0,0,0,0,0,0,50005,0
50006,仙人指路,"避实就虚的一击,直取敌人要害。",5,1,1,0,0,0,0,0,0,0,100,0,0,0,50006,10,0,0,0,0,50,100,200,10,1,20140331,0,0,0,0,0,0,0,0,0,0,0,0,0,card/50006,card/50006,0,0,0,0,0,0,50006,0
50007,摧心掌,"以内力将劲道打入敌人五脏六腑,在不知不觉中取人性命。",5,2,1,0,0,0,0,0,0,0,100,0,0,0,50007,10,0,0,0,0,50,100,200,10,1,20140331,0,0,0,0,0,0,0,0,0,0,0,0,0,card/50007,card/50007,0,0,0,0,0,0,50007,0
50008,回春术,"是一种呼吸吐纳的方法,先将体内污浊空气全部排出,然后再把新鲜空气吸进去。",5,3,1,0,0,0,0,0,0,0,100,0,0,0,50008,10,0,0,0,0,50,100,200,10,1,20140331,0,0,0,0,0,0,0,0,0,0,0,0,0,card/50008,card/50008,0,0,0,0,0,0,50008,0
50009,袖里乾坤,"将暗器藏于袖中,在不经意间攻击对手。",5,4,1,0,0,0,0,0,0,0,100,0,0,0,50009,10,0,0,0,0,50,100,200,10,1,20140331,0,0,0,0,0,0,0,0,0,0,0,0,0,card/50009,card/50009,0,0,0,0,0,0,50009,0
50010,灵蛇出洞,"棍在手中犹如灵蛇一般,变化多端,可连续攻击敌人。",5,5,1,0,0,0,0,0,0,0,100,0,0,0,50010,10,0,0,0,0,50,100,200,10,1,20140331,0,0,0,0,0,0,0,0,0,0,0,0,0,card/50010,card/50010,0,0,0,0,0,0,50010,0
50101,九阴枯骨爪,"因受此功夫死亡者头顶五个指洞而得名,因此在业界相当有名。",5,2,2,0,0,0,0,0,0,0,100,0,0,0,50101,10,0,0,0,0,100,200,400,20,1,20140331,0,0,0,0,0,0,0,0,0,0,0,0,0,card/50101,card/50101,0,0,0,0,0,0,50101,0
50102,伏魔杖法,"一百零八路杖法,每一杖打下,都有千钧之力,劲力至猛至刚,无与伦比。",5,5,2,0,0,0,0,0,0,0,100,0,0,0,50102,10,0,0,0,0,100,200,400,20,1,20140331,0,0,0,0,0,0,0,0,0,0,0,0,0,card/50102,card/50102,0,0,0,0,0,0,50102,0
50103,冰魄阴针,"针身镂刻着花纹,打造精致,此针剧毒无比,一碰即中毒。",5,4,2,0,0,0,0,0,0,0,100,0,0,0,50103,10,0,0,0,0,100,200,400,20,1,20140331,0,0,0,0,0,0,0,0,0,0,0,0,0,card/50103,card/50103,0,0,0,0,0,0,50103,0
50104,混元神功,"它既含盖了颇为独特的实战技击内涵,又蓄藏着致简而高深的养生妙法。",5,3,2,0,0,0,0,0,0,0,100,0,0,0,50104,10,0,0,0,0,100,200,400,20,1,20140331,0,0,0,0,0,0,0,0,0,0,0,0,0,card/50104,card/50104,0,0,0,0,0,0,50104,0
50105,柳叶刀法,"一连发出三招攻击对手,且招招相扣,毫无破绽。",5,1,2,0,0,0,0,0,0,0,100,0,0,0,50105,10,0,0,0,0,100,200,400,20,1,20140331,0,0,0,0,0,0,0,0,0,0,0,0,0,card/50105,card/50105,0,0,0,0,0,0,50105,0
50106,如来神掌,"全套掌法仅此一招,可见其威力。",5,2,2,0,0,0,0,0,0,0,100,0,0,0,50106,10,0,0,0,0,100,200,400,20,1,20140331,0,0,0,0,0,0,0,0,0,0,0,0,0,card/50106,card/50106,0,0,0,0,0,0,50106,0
50107,三环套月,"连续出击三招,三招环环相扣。",5,1,2,0,0,0,0,0,0,0,100,0,0,0,50107,10,0,0,0,0,100,200,400,20,1,20140331,0,0,0,0,0,0,0,0,0,0,0,0,0,card/50107,card/50107,0,0,0,0,0,0,50107,0
50108,八门金锁,"源自古代所有的一种兵法,是一种相当高超的武学。",5,3,2,0,0,0,0,0,0,0,100,0,0,0,50108,10,0,0,0,0,100,200,400,20,1,20140331,0,0,0,0,0,0,0,0,0,0,0,0,0,card/50108,card/50108,0,0,0,0,0,0,50108,0
50109,含沙射影,"当对手还未知觉到敌意,钢针便已临身。任你多好的武功也躲不脱。",5,4,2,0,0,0,0,0,0,0,100,0,0,0,50109,10,0,0,0,0,100,200,400,20,1,20140331,0,0,0,0,0,0,0,0,0,0,0,0,0,card/50109,card/50109,0,0,0,0,0,0,50109,0
50110,千里横行,"气贯于棍,横扫而出,使敌人不得近身。",5,5,2,0,0,0,0,0,0,0,100,0,0,0,50110,10,0,0,0,0,100,200,400,20,1,20140331,0,0,0,0,0,0,0,0,0,0,0,0,0,card/50110,card/50110,0,0,0,0,0,0,50110,0
50111,冰蚕毒掌,"利用千年冰蚕的剧毒练就的功夫,奇毒无比。",5,2,2,0,0,0,0,0,0,0,100,0,0,0,50111,10,0,0,0,0,100,200,400,20,1,20140331,0,0,0,0,0,0,0,0,0,0,0,0,0,card/50111,card/50111,0,0,0,0,0,0,50111,0
50201,漫天花雨,"漫天撒下各种暗器,让敌人防不胜防。",5,4,3,0,0,0,0,0,0,0,100,0,0,0,50201,10,0,0,0,0,150,300,600,30,1,20140331,0,0,0,0,0,0,0,0,0,0,0,0,0,card/50201,card/50201,0,0,0,0,0,0,50201,0
50202,玄冥神功,"最阴冷的掌法之一,中掌者寒毒散入五脏六腑,极寒难耐。",5,2,3,0,0,0,0,0,0,0,100,0,0,0,50202,10,0,0,0,0,150,300,600,30,1,20140331,0,0,0,0,0,0,0,0,0,0,0,0,0,card/50202,card/50202,0,0,0,0,0,0,50202,0
50203,吸星神功,"这门武功的宗旨：你的就是我的,我的还是我的。",5,3,3,0,0,0,0,0,0,0,100,0,0,0,50203,10,0,0,0,0,150,300,600,30,1,20140331,0,0,0,0,0,0,0,0,0,0,0,0,0,card/50203,card/50203,0,0,0,0,0,0,50203,0
50204,化功神功,"能够化去敌人的内力,是一门相当阴毒的武功。",5,3,3,0,0,0,0,0,0,0,100,0,0,0,50204,10,0,0,0,0,150,300,600,30,1,20140331,0,0,0,0,0,0,0,0,0,0,0,0,0,card/50204,card/50204,0,0,0,0,0,0,50204,0
50205,蛇形剑法,"剑法迅速,连到极致时,剑风中会带有蛇尾摇动的声音。",5,1,3,0,0,0,0,0,0,0,100,0,0,0,50205,10,0,0,0,0,150,300,600,30,1,20140331,0,0,0,0,0,0,0,0,0,0,0,0,0,card/50205,card/50205,0,0,0,0,0,0,50205,0
50206,韦陀献杵,"少林七十二绝技之一,中杵者肋骨根根断折,乃武林一绝。",5,5,3,0,0,0,0,0,0,0,100,0,0,0,50206,10,0,0,0,0,150,300,600,30,1,20140331,0,0,0,0,0,0,0,0,0,0,0,0,0,card/50206,card/50206,0,0,0,0,0,0,50206,0
50207,斗转星移,"是一门借力打力之技,不论对方施出何种功夫,都能将之转移,反击到对方自身。",5,3,3,0,0,0,0,0,0,0,100,0,0,0,50207,10,0,0,0,0,150,300,600,30,1,20140331,0,0,0,0,0,0,0,0,0,0,0,0,0,card/50207,card/50207,0,0,0,0,0,0,50207,0
50208,五轮同转,"共有金银铜铁铅五轮轻重不同,各有各的威力,五轮一出,威力无穷。",5,4,3,0,0,0,0,0,0,0,100,0,0,0,50208,10,0,0,0,0,150,300,600,30,1,20140331,0,0,0,0,0,0,0,0,0,0,0,0,0,card/50208,card/50208,0,0,0,0,0,0,50208,0
50209,火焰刀,"为西域密宗秘传绝学,虽名为刀法,实则以内力送出,以虚无缥缈的虚劲伤人。 ",5,3,3,0,0,0,0,0,0,0,100,0,0,0,50209,10,0,0,0,0,150,300,600,30,1,20140331,0,0,0,0,0,0,0,0,0,0,0,0,0,card/50209,card/50209,0,0,0,0,0,0,50209,0
50210,清心普善咒,"名震江湖的武学至宝,据说源自道藏,内容博大精深,内功外功无所不包。",5,3,3,0,0,0,0,0,0,0,100,0,0,0,50210,10,0,0,0,0,150,300,600,30,1,20140331,0,0,0,0,0,0,0,0,0,0,0,0,0,card/50210,card/50210,0,0,0,0,0,0,50210,0
50211,铁杀掌,"是用铁练出来的掌功,属阳刚之劲路,是专供练习人身掌部的功法。",5,2,3,0,0,0,0,0,0,0,100,0,0,0,50211,10,0,0,0,0,150,300,600,30,1,20140331,0,0,0,0,0,0,0,0,0,0,0,0,0,card/50211,card/50211,0,0,0,0,0,0,50211,0
50212,寒冰掌,"此掌法以寒冰真气为根基,掌力至阴至寒,招式宏大广披,教人避无可避。",5,2,3,0,0,0,0,0,0,0,100,0,0,0,50212,10,0,0,0,0,150,300,600,30,1,20140331,0,0,0,0,0,0,0,0,0,0,0,0,0,card/50212,card/50212,0,0,0,0,0,0,50212,0
50301,玉蜂针,"以寒蜂尾刺上毒液炼过,虽然细小,但因黄金沉重,掷出时仍可及远。",5,4,4,0,0,0,0,0,0,0,100,0,0,0,50301,10,0,0,0,0,200,400,800,40,1,20140331,0,0,0,0,0,0,0,0,0,0,0,0,0,card/50301,card/50301,0,0,0,0,0,0,50301,0
50302,避邪剑术,"欲练此功必先自宫的典范,练成之日便是绣花之时。",5,1,4,0,0,0,0,0,0,0,100,0,0,0,50302,10,0,0,0,0,200,400,800,40,1,20140331,0,0,0,0,0,0,0,0,0,0,0,0,0,card/50302,card/50302,0,0,0,0,0,0,50302,0
50303,一阳指,"大理段氏绝学,共有九品,毒蟾功的克星。",5,4,4,0,0,0,0,0,0,0,100,0,0,0,50303,10,0,0,0,0,200,400,800,40,1,20140331,0,0,0,0,0,0,0,0,0,0,0,0,0,card/50303,card/50303,0,0,0,0,0,0,50303,0
50304,逍遥游,"锻炼此功需要能充分的享受人生云游四海,自得其乐。",5,3,4,0,0,0,0,0,0,0,100,0,0,0,50304,10,0,0,0,0,200,400,800,40,1,20140331,0,0,0,0,0,0,0,0,0,0,0,0,0,card/50304,card/50304,0,0,0,0,0,0,50304,0
50305,落英神剑掌,"从剑法中变法而得。出掌凌厉如剑,招数繁复奇幻。",5,2,4,0,0,0,0,0,0,0,100,0,0,0,50305,10,0,0,0,0,200,400,800,40,1,20140331,0,0,0,0,0,0,0,0,0,0,0,0,0,card/50305,card/50305,0,0,0,0,0,0,50305,0
50306,毒蛇杖法,"杖头盘着两条毒蛇,攻击起来令人防不胜防。",5,5,4,0,0,0,0,0,0,0,100,0,0,0,50306,10,0,0,0,0,200,400,800,40,1,20140331,0,0,0,0,0,0,0,0,0,0,0,0,0,card/50306,card/50306,0,0,0,0,0,0,50306,0
50307,空明拳,"天下至柔的拳术,以空而明,柔中带韧。",5,2,4,0,0,0,0,0,0,0,100,0,0,0,50307,10,0,0,0,0,200,400,800,40,1,20140331,0,0,0,0,0,0,0,0,0,0,0,0,0,card/50307,card/50307,0,0,0,0,0,0,50307,0
50308,无相功,"只要练就此功,可模仿别人的绝学甚至与原版极为相似,外行很难分辨。",5,3,4,0,0,0,0,0,0,0,100,0,0,0,50308,10,0,0,0,0,200,400,800,40,1,20140331,0,0,0,0,0,0,0,0,0,0,0,0,0,card/50308,card/50308,0,0,0,0,0,0,50308,0
50309,生死讣,"是缥缈峰至高无上的武功,须以最上乘的内功为根基,方能修练。",5,4,4,0,0,0,0,0,0,0,100,0,0,0,50309,10,0,0,0,0,200,400,800,40,1,20140331,0,0,0,0,0,0,0,0,0,0,0,0,0,card/50309,card/50309,0,0,0,0,0,0,50309,0
50310,北冥神掌,"飘渺派的顶级武功,可以吸取别人的内力为己用,并且内力越强,吸力也就越大。",5,3,4,0,0,0,0,0,0,0,100,0,0,0,50310,10,0,0,0,0,200,400,800,40,1,20140331,0,0,0,0,0,0,0,0,0,0,0,0,0,card/50310,card/50310,0,0,0,0,0,0,50310,0
50401,九阳神功,"专治各种寒性和阴性内力,练成之后感冒远离你。",5,3,5,0,0,0,0,0,0,0,100,0,0,0,50401,10,0,0,0,0,250,500,1000,50,1,20140331,0,0,0,0,0,0,0,0,0,0,0,0,0,card/50401,card/50401,0,0,0,0,0,0,50401,0
50402,天山六扬掌,"飘渺派绝学,讲究阴阳调和,刚柔并济。",5,2,5,0,0,0,0,0,0,0,100,0,0,0,50402,10,0,0,0,0,250,500,1000,50,1,20140331,0,0,0,0,0,0,0,0,0,0,0,0,0,card/50402,card/50402,0,0,0,0,0,0,50402,0
50403,暗然销魂掌,"杨不过自创掌法,漠然销魂者,唯别而已矣。",5,2,5,0,0,0,0,0,0,0,100,0,0,0,50403,10,0,0,0,0,250,500,1000,50,1,20140331,0,0,0,0,0,0,0,0,0,0,0,0,0,card/50403,card/50403,0,0,0,0,0,0,50403,0
50404,六脉神箭,"大理段氏的最高武学,剑气一出,伤人于无形。",5,4,5,0,0,0,0,0,0,0,100,0,0,0,50404,10,0,0,0,0,250,500,1000,50,1,20140331,0,0,0,0,0,0,0,0,0,0,0,0,0,card/50404,card/50404,0,0,0,0,0,0,50404,0
50405,独孤神剑,"独孤求败所创,无招胜有招,败尽英雄豪杰,打遍天下无敌手。",5,1,5,0,0,0,0,0,0,0,100,0,0,0,50405,10,0,0,0,0,250,500,1000,50,1,20140331,0,0,0,0,0,0,0,0,0,0,0,0,0,card/50405,card/50405,0,0,0,0,0,0,50405,0
50406,打狗棍法,"丐帮镇帮之宝,共三十六路,由前任帮主传后任帮主,决不传给第二个人。",5,5,5,0,0,0,0,0,0,0,100,0,0,0,50406,10,0,0,0,0,250,500,1000,50,1,20140331,0,0,0,0,0,0,0,0,0,0,0,0,0,card/50406,card/50406,0,0,0,0,0,0,50406,0
50407,先天功,"是道家代代相传的一种武功,不仅威力强大还能祛病强身、延年益寿。",5,3,5,0,0,0,0,0,0,0,100,0,0,0,50407,10,0,0,0,0,250,500,1000,50,1,20140331,0,0,0,0,0,0,0,0,0,0,0,0,0,card/50407,card/50407,0,0,0,0,0,0,50407,0
50408,侠客行,"此神功一共仅24句,每句都是一套神功,分有内功轻功剑法掌法。",5,3,5,0,0,0,0,0,0,0,100,0,0,0,50408,10,0,0,0,0,250,500,1000,50,1,20140331,0,0,0,0,0,0,0,0,0,0,0,0,0,card/50408,card/50408,0,0,0,0,0,0,50408,0
50409,葵花神功,"前朝宦官所著的神功,练功时需要同时练气、炼丹、练剑因此修炼过于凶险。",5,1,5,0,0,0,0,0,0,0,100,0,0,0,50409,10,0,0,0,0,250,500,1000,50,1,20140331,0,0,0,0,0,0,0,0,0,0,0,0,0,card/50409,card/50409,0,0,0,0,0,0,50409,0
50410,扫地棍法,"练此功者需要与佛法搭配,如果练功者佛法理解越高,功力也就越深。",5,5,5,0,0,0,0,0,0,0,100,0,0,0,50410,10,0,0,0,0,250,500,1000,50,1,20140331,0,0,0,0,0,0,0,0,0,0,0,0,0,card/50410,card/50410,0,0,0,0,0,0,50410,0
50411,翔龙十八掌,"丐帮绝学之一,是江湖中最至刚至阳的武学。",5,2,5,0,0,0,0,0,0,0,100,0,0,0,50411,10,0,0,0,0,250,500,1000,50,1,20140331,0,0,0,0,0,0,0,0,0,0,0,0,0,card/50411,card/50411,0,0,0,0,0,0,50411,0
60001,木婉晴,"擅使长剑,暗器精准度也颇高,身法不错。",6,4,3,0,254,15,254,15,342,30,400,10,0,飞蝗石,0,300,10,100,5,0,1000,1,600,30,1,20140331,0,0,10104,15,20105,15,40105,15,11001,1002,11003,0,0,card/60001,card/60001,1,0,0,0,0,100201,60001,1
60002,丘处机,"道号长春子,和蒙古帝国统治者敬重,因远赴西域劝说成吉思汗减少杀戮而闻名。",6,1,3,0,339,30,254,15,254,15,400,10,0,全真剑法,0,300,10,100,5,0,1000,1,600,30,1,20140331,0,0,10104,15,20102,15,40103,15,2001,2002,6003,0,0,card/60002,card/60002,1,0,0,0,0,100101,60002,2
60003,江小鱼,"恶人谷长大，为人聪明绝顶、冷静乐观，沉着应变。",6,5,3,0,320,23,270,20,260,16,400,10,0,太祖棍法,0,300,10,100,5,0,1000,1,600,30,1,20140331,0,0,10101,15,20101,15,40104,15,6001,9002,6003,0,0,card/60003,card/60003,1,218,0,0,0,100001,60003,3
60004,钟玲,"容色娇美,一双眼睛“黑如点漆,朗似秋水”,天真烂漫的性格让人如沐春风。",6,3,3,0,270,20,260,16,320,23,400,10,0,灵蛇出洞,0,300,10,100,5,0,1000,1,600,30,1,20140331,0,0,10104,15,20104,15,40101,15,1001,9002,7003,0,0,card/60004,card/60004,1,0,0,0,0,200001,60004,4
60005,向问天,"江湖外号“天王老子”,容貌清癯,颏下疏疏朗朗一丛花白长须,垂在胸前。",6,3,3,0,344,21,253,16,253,21,400,10,0,吸功入地,0,300,10,100,5,0,1000,1,600,30,1,20140331,0,0,10102,15,20103,15,40102,15,12001,7002,9003,0,0,card/60005,card/60005,1,0,0,0,0,200201,60005,5
60006,周芷若,"峨嵋派第四代掌门人，一心率领峨嵋派建功立业，倾心张教主。",6,2,3,0,260,16,320,23,270,20,400,10,0,峨眉掌法,0,300,10,100,5,0,1000,1,600,30,1,20140331,0,0,10102,15,20102,15,40101,15,11001,9002,5003,0,0,card/60006,card/60006,1,206,0,0,0,200101,60006,6
60101,梅超枫,"脸色黑黝黝,有如黑铁,脸上从来不露喜怒之色,似僵屍一般,外号「铁尸」。",6,2,4,0,444,44,444,32,222,23,400,10,0,九阴白骨爪,0,400,10,100,5,0,5000,1,800,40,1,20140331,0,0,10202,15,20203,15,40104,15,13001,7002,1003,3004,0,card/60101,card/60101,1,213,0,0,0,100301,60101,7
60102,柯惩恶,"“江南七侠”之首,绰号“飞天蝙蝠”,早年眼睛已瞎靠着一根铁杖伴随左右。",6,5,4,0,441,35,333,45,333,19,400,10,0,伏魔杖法,0,400,10,100,5,0,5000,1,800,40,1,20140331,0,0,10205,15,20205,15,40103,15,1001,5002,1003,10004,0,card/60102,card/60102,1,215,0,0,0,100001,60102,8
60103,成琨,"绰号“混元霹雳手”,暗地里策划了许多江湖事件。",6,3,4,0,555,38,222,41,333,20,400,10,0,混元功,0,400,10,100,5,0,5000,1,800,40,1,20140331,0,0,10201,15,20204,15,40105,15,10001,1002,4003,5004,0,card/60103,card/60103,1,0,0,0,0,100401,60103,9
60104,莫愁仙子,"江湖人又称赤练仙子,手执冰玉毒针纵横江湖十几年,江湖中人无不对之闻风丧胆。",6,4,4,0,335,53,440,23,335,22,400,10,0,冰魄银针,0,400,10,100,5,0,5000,1,800,40,1,20140331,0,0,10204,15,20201,15,40103,15,10001,6002,8003,2004,0,card/60104,card/60104,1,0,0,0,0,100201,60104,10
60105,波斯圣女,"奉母之命混入圣火峰,盗取乾坤大挪移心法,后成为明教波斯总教教主。",6,3,4,0,336,40,554,25,217,33,400,10,0,回春术,0,400,10,100,5,0,5000,1,800,40,1,20140331,0,0,10203,15,20201,15,40104,15,2001,4002,11003,2004,0,card/60105,card/60105,1,222,0,0,0,200001,60105,11
60106,穆念慈,"在一场比武招亲后对完颜小王爷念念不忘,知道完颜小王爷的真面目后独自返回郭家村生活。",6,1,4,0,446,44,332,25,332,29,400,10,0,柳叶刀法,0,400,10,100,5,0,5000,1,800,40,1,20140331,0,0,10204,15,20203,15,40101,15,9001,4002,9003,3004,0,card/60106,card/60106,1,0,0,0,0,100101,60106,12
60107,友坦之,"在复仇路上,痴恋残忍歹毒的小紫而被套上铁头,成为毁容的奴隶,误入歧途。",6,2,4,0,330,51,219,22,560,25,400,10,0,冰蚕毒掌,0,400,10,100,5,0,5000,1,800,40,1,20140331,0,0,10205,15,20202,15,40102,15,10001,9002,10003,1004,0,card/60107,card/60107,1,0,0,0,0,200301,60107,13
60108,小杨幂,"走路睡着踩到高压天线而穿越的莽撞少女，五官精致，活泼好动。",6,4,4,0,300,30,450,40,450,40,400,10,0,漫天花雨,0,400,10,100,5,0,5000,1,800,40,1,20140331,0,0,10102,15,20103,15,40101,15,10001,1002,3003,11004,12005,card/60108,card/60108,1,0,0,0,0,100201,60108,48
60201,蓉儿,"多才多艺,博古通今,精通父亲传授的桃花岛武功、五行八卦阵和奇门遁甲之术。",6,4,5,0,428,67,725,53,285,39,400,10,0,漫天花雨,0,450,10,100,5,0,10000,1,1000,50,1,20140331,0,0,10301,15,20304,15,40302,15,12001,9002,7003,13004,11005,card/60201,card/60201,1,0,0,0,0,200402,60201,14
60202,玄冥二老,"鹿杖客与鹤笔翁,前者好色奸诈,后者愚钝好酒,擅用极阴寒的掌力玄冥神功。",6,2,5,0,576,74,576,41,288,44,400,10,0,玄冥神掌,0,450,10,100,5,0,10000,1,1000,50,1,20140331,0,0,10304,15,20304,15,40302,15,8001,3002,7003,13004,8005,card/60202,card/60202,1,0,0,0,0,100302,60202,15
60203,任我刑,"阴阳圣教教主,教主之位一度被东方姑娘夺去,但最终与令狐少侠等人合力夺回。",6,3,5,0,577,77,429,40,429,42,400,10,0,吸星大法,0,450,10,100,5,0,10000,1,1000,50,1,20140331,0,0,10303,15,20304,15,40303,15,6001,12002,13003,12004,7005,card/60203,card/60203,1,0,0,0,0,200002,60203,16
60204,星宿老仙,"外号“星宿老怪”,武功极高,善于用毒,本是逍遥弟子,后来背叛师门自立门户。",6,3,5,0,576,82,426,42,426,34,400,10,0,化功大法,0,450,10,100,5,0,10000,1,1000,50,1,20140331,0,0,10301,15,20303,15,40303,15,8001,5002,3003,5004,13005,card/60204,card/60204,1,0,0,0,0,200501,60204,17
60205,金蛇琅君,"是一个正邪参半的角色,有时十恶不赦残酷冷血,但有时却善良和温柔,有情有义。 ",6,1,5,0,430,62,578,64,430,33,400,10,0,金蛇剑法,0,450,10,100,5,0,10000,1,1000,50,1,20140331,0,0,10301,15,20301,15,40304,15,10001,11002,4003,6004,10005,card/60205,card/60205,1,0,0,0,0,100102,60205,18
60206,玄悲,"少林武功造诣极高,已达当世一流境界,但不幸遭遇恶人袭击,不幸去世。 ",6,5,5,0,430,62,282,43,726,54,400,10,0,韦陀献杵,0,450,10,100,5,0,10000,1,1000,50,1,20140331,0,0,10303,15,20303,15,40301,15,7001,13002,1003,5004,4005,card/60206,card/60206,1,0,0,0,0,100002,60206,19
60207,慕容富,"武林世家姑苏慕容的后代,一生都为了匡扶大燕的祖训而活着。 ",6,3,5,0,721,69,432,37,288,54,400,10,0,斗转星移,0,450,10,100,5,0,10000,1,1000,50,1,20140331,0,0,10303,15,20301,15,40303,15,12001,13002,6003,13004,11005,card/60207,card/60207,1,211,0,0,0,100402,60207,20
60208,赵敏,"汝阳王之女,手下皆为武林中最顶尖的高手,曾经险些造成武林各大派元气大伤。 ",6,4,5,0,576,62,576,57,287,40,400,10,0,漫天花雨,0,450,10,100,5,0,10000,1,1000,50,1,20140331,0,0,10304,15,20301,15,40303,15,7001,6002,11003,1004,1005,card/60208,card/60208,1,0,0,0,0,100202,60208,21
60209,金仑法王,"蒙古密教金刚宗,同时也是蒙古的国师。身披黄袍、极高极瘦、身形似竹杆一般。",6,4,5,0,573,75,432,33,432,51,400,10,0,五轮大转,0,450,10,100,5,0,10000,1,1000,50,1,20140331,0,0,10302,15,20301,15,40301,15,5001,7002,7003,13004,7005,card/60209,card/60209,1,0,0,0,0,200601,60209,22
60210,大轮明王,"西藏密宗,吐蕃国师,精通佛法,每隔五年,开坛讲经说法,人称“大轮明王”。 ",6,3,5,0,432,86,720,31,288,41,400,10,0,火焰刀,0,450,10,100,5,0,10000,1,1000,50,1,20140331,0,0,10303,15,20301,15,40302,15,7001,5002,6003,11004,3005,card/60210,card/60210,1,0,0,0,0,200701,60210,23
60211,任莹莹,"魔教教主任教主之女,兼为魔教圣姑,擅长音律。 ",6,3,5,0,572,56,434,60,434,43,400,10,0,清心普善咒,0,450,10,100,5,0,10000,1,1000,50,1,20140331,0,0,10302,15,20301,15,40304,15,3001,9002,13003,1004,8005,card/60211,card/60211,1,223,0,0,0,200801,60211,24
60212,裘千仁,"铁掌门帮主,武功高强,颇有威望的武林前辈,曾经参与过第一次群侠比剑。",6,2,5,0,720,67,288,34,432,57,400,10,0,铁砂掌,0,450,10,100,5,0,10000,1,1000,50,1,20140331,0,0,10302,15,20304,15,40303,15,4001,11002,10003,11004,11005,card/60212,card/60212,1,0,0,0,0,200901,60212,25
60213,左掌门,"虽为嵩山派掌门,但其人及其门派弟子所作所为与禽兽无异,为武林同道所不齿。",6,2,5,0,576,69,288,34,576,55,400,10,0,寒冰神掌,0,450,10,100,5,0,10000,1,1000,50,1,20140331,0,0,10301,15,20303,15,40301,15,13001,5002,5003,8004,13005,card/60213,card/60213,1,0,0,0,0,200002,60213,26
60301,龙姑娘,"玉真派传人,收神雕侠为徒,后与神雕侠互生情愫,成为扬名天下的神雕侠侣。",6,4,5,0,725,86,286,39,429,33,400,10,0,玉蜂针,0,450,10,100,5,0,10000,1,1000,50,1,20140331,0,0,10301,15,20304,15,40301,15,13001,3002,9003,2004,7005,card/60301,card/60301,1,0,0,0,0,200403,60301,27
60302,岳掌门,"虽然身为华山派掌门,却在暗地里做着许多见不得人的勾当,是个十足的小人。",6,1,5,0,725,84,288,33,426,41,400,10,0,辟邪剑法,0,450,10,100,5,0,10000,1,1000,50,1,20140331,0,0,10304,15,20304,15,40304,15,10001,12002,5003,5004,6005,card/60302,card/60302,1,0,0,0,0,100103,60302,28
60303,段皇爷,"“五绝”之一。他是大理国皇帝,后出家为僧,法号“一灯”。 ",6,4,5,0,433,58,285,55,720,44,400,10,0,一阳指,0,450,10,100,5,0,10000,1,1000,50,1,20140331,0,0,10301,15,20304,15,40302,15,13001,9002,6003,13004,12005,card/60303,card/60303,1,209,0,0,0,100203,60303,29
60304,洪齐公,"“五绝”之一,为丐帮帮主,曾经因贪吃误事,自断其右手食指,故称“九指神丐”。",6,3,5,0,720,63,288,36,432,59,400,10,0,逍遥游,0,450,10,100,5,0,10000,1,1000,50,1,20140331,0,0,10304,15,20304,15,40302,15,8001,3002,5003,13004,4005,card/60304,card/60304,1,0,0,0,0,100403,60304,30
60305,黄老邪,"“五绝”之一,桃花岛岛主,上通天文,下通地理,文韬武略,样样有门。",6,2,5,0,430,59,430,65,577,34,400,10,0,落英神剑掌,0,450,10,100,5,0,10000,1,1000,50,1,20140331,0,0,10303,15,20303,15,40303,15,7001,6002,10003,3004,5005,card/60305,card/60305,1,0,0,0,0,100303,60305,31
60306,欧阳风,"“五绝”之一,武功登峰造极,心狠手辣,后因错练九阴真书而发疯。 ",6,5,5,0,575,67,287,54,575,38,400,10,0,毒蛇杖法,0,450,10,100,5,0,10000,1,1000,50,1,20140331,0,0,10301,15,20301,15,40303,15,8001,12002,3003,1004,4005,card/60306,card/60306,1,0,0,0,0,100003,60306,32
60307,老顽童,"生性纯真,爱作弄别人,习武成痴,不拘小节,人称老顽童。 ",6,2,5,0,432,65,285,60,718,33,400,10,0,空明拳,0,450,10,100,5,0,10000,1,1000,50,1,20140331,0,0,10301,15,20303,15,40304,15,7001,6002,5003,7004,6005,card/60307,card/60307,1,0,0,0,0,200103,60307,33
60308,离秋水,"武艺高强,美若天仙,是西夏皇妃,后离秋水之子登基为帝,成为西夏的皇太妃。 ",6,3,5,0,576,88,432,39,432,31,400,10,0,小无相功,0,450,10,100,5,0,10000,1,1000,50,1,20140331,0,0,10303,15,20301,15,40301,15,9001,12002,2003,5004,12005,card/60308,card/60308,1,0,0,0,0,200203,60308,34
60309,飘渺童姥,"缥缈峰主人,身材永如女童,医术高明而且精通暗器,传说杀人不用第二招。  ",6,4,5,0,429,57,721,67,283,35,400,10,0,生死符,0,450,10,100,5,0,10000,1,1000,50,1,20140331,0,0,10303,15,20301,15,40303,15,8001,12002,6003,8004,12005,card/60309,card/60309,1,0,0,0,0,200303,60309,35
60310,无厓子,"长须三尺,脸如冠玉,无半丝皱纹,年纪显然不小,但却仍神采飞扬,风度闲雅。 ",6,3,5,0,433,70,433,43,575,46,400,10,0,北冥神功,0,450,10,100,5,0,10000,1,1000,50,1,20140331,0,0,10304,15,20301,15,40303,15,3001,1002,8003,10004,5005,card/60310,card/60310,1,0,0,0,0,200403,60310,36
60401,张教主,"误打误撞学会九阳神功,化解体内寒毒,并学会乾坤大挪移和太极奥秘三大武功。",6,3,6,0,1212,123,596,108,1212,68,400,10,0,九阳神功,0,450,10,100,5,0,20000,1,1200,60,1,20140331,0,0,10302,15,20301,15,40301,15,7001,2002,2003,1004,4005,card/60401,card/60401,0,0,0,0,0,100404,60401,37
60402,神雕侠,"其人孤傲狂放,一心只向师父龙姑娘,带着一只神雕闯荡江湖,人称神雕侠。",6,2,6,0,1208,129,905,83,905,87,400,10,0,黯然销魂掌,0,450,10,100,5,0,20000,1,1200,60,1,20140331,0,0,10303,15,20301,15,40302,15,9001,4002,7003,3004,8005,card/60402,card/60402,0,0,0,0,0,100304,60402,38
60403,令狐少侠,"本为华山大弟子,并得高人风清扬传授独孤神剑,被逐出师门后广交各路好友。",6,1,6,0,1514,153,896,80,597,66,400,10,0,独孤九剑,0,450,10,100,5,0,20000,1,1200,60,1,20140331,0,0,10302,15,20304,15,40304,15,2001,12002,8003,11004,5005,card/60403,card/60403,0,0,0,0,0,100104,60403,39
60404,段公子,"无意间学会飘渺派绝学“飘渺微步”和“北冥神掌”,天龙寺时习得“六道神剑”。",6,4,6,0,1208,144,603,87,1208,68,400,10,0,六脉神剑,0,450,10,100,5,0,20000,1,1200,60,1,20140331,0,0,10302,15,20303,15,40303,15,11001,6002,9003,1004,13005,card/60404,card/60404,0,207,0,0,0,100204,60404,40
60405,虚竺,"本是少林寺小僧,破解珍珑棋局后,得了无厓子七十年内力,并成为飘渺派掌门。",6,2,6,0,1209,120,593,90,1209,90,400,10,0,天山六阳掌,0,450,10,100,5,0,20000,1,1200,60,1,20140331,0,0,10301,15,20304,15,40301,15,2001,5002,2003,9004,11005,card/60405,card/60405,0,230,0,0,0,200404,60405,41
60406,萧锋,"曾任丐帮帮主,与慕容复国并称为“北乔锋 南慕容”,以降龙神掌震惊江湖。",6,5,6,0,908,123,908,104,1197,72,400,10,0,打狗棒法,0,450,10,100,5,0,20000,1,1200,60,1,20140331,0,0,10301,15,20304,15,40301,15,3001,3002,10003,11004,8005,card/60406,card/60406,0,210,0,0,0,100004,60406,42
60407,王真人,"全真教创始人,在第一次群侠比剑中技冠群雄,获得天下第一称号。 ",6,3,6,0,1209,123,593,92,1209,84,400,10,0,先天功,0,450,10,100,5,0,20000,1,1200,60,1,20140331,0,0,10304,15,20304,15,40304,15,6001,7002,2003,11004,3005,card/60407,card/60407,0,0,0,0,0,200004,60407,43
60408,石惊天,"原本为一个小乞丐,为人忠厚老实,误打误撞而练就了震慑古今的绝世武功。 ",6,3,6,0,1205,150,1205,68,602,81,400,10,0,侠客行神功,0,450,10,100,5,0,20000,1,1200,60,1,20140331,0,0,10301,15,20304,15,40302,15,1001,2002,8003,4004,5005,card/60408,card/60408,0,0,0,0,0,200104,60408,44
60409,东方不败,"魔教副教主,趁任教主练功走火入魔之际发动叛乱,用计谋掌控神教,成就霸业。",6,1,6,0,1508,117,598,102,908,80,400,10,0,葵花宝典,0,450,10,100,5,0,20000,1,1200,60,1,20140331,0,0,10304,15,20303,15,40302,15,7001,6002,1003,5004,8005,card/60409,card/60409,0,0,0,0,0,200304,60409,45
60410,扫地神僧,"少林寺一扫地老僧,拥有丰富的阅历,通晓佛经,精研佛理。",6,5,6,0,1209,123,594,69,1209,107,400,10,0,扫地棍法,0,450,10,100,5,0,20000,1,1200,60,1,20140331,0,0,10303,15,20301,15,40303,15,7001,12002,5003,12004,8005,card/60410,card/60410,0,0,0,0,0,200204,60410,46
60411,郭大侠,"个性忠厚,天生一副侠义心肠,曾屡遭奇遇以致武功惊世骇俗,镇守襄阳数十年。",6,2,6,0,904,131,904,98,1205,69,400,10,0,降龙十八掌,0,450,10,100,5,0,20000,1,1200,60,1,20140331,0,0,10301,15,20303,15,40303,15,6001,6002,12003,10004,11005,card/60411,card/60411,0,224,0,0,0,200404,60411,47
61001,真·木婉晴,"虽然擅使长剑,暗器精准度也颇高,身法不错。",6,4,4,0,330,22,330,22,440,45,400,10,0,飞蝗石,0,400,10,100,5,0,5000,1,800,40,1,20140331,0,0,10104,15,20105,15,40105,15,11001,1002,11003,0,0,card/60001,card/60001,0,0,0,0,0,100201,60001,1
61002,真·丘处机,"道号长春子,和蒙古帝国统治者敬重,因远赴西域劝说成吉思汗减少杀戮而闻名。",6,1,4,0,440,45,330,22,330,22,400,10,0,全真剑法,0,400,10,100,5,0,5000,1,800,40,1,20140331,0,0,10104,15,20102,15,40103,15,2001,2002,6003,0,0,card/60002,card/60002,0,0,0,0,0,100101,60002,2
61003,真·江小鱼,"江湖外号“万里独行”,后被逼当了和尚,法号“不可不戒”。",6,5,4,0,330,22,440,45,330,22,400,10,0,太祖棍法,0,400,10,100,5,0,5000,1,800,40,1,20140331,0,0,10101,15,20101,15,40104,15,6001,9002,6003,0,0,card/60003,card/60003,0,218,0,0,0,100001,60003,3
61004,真·钟玲,"容色娇美,一双眼睛“黑如点漆,朗似秋水”,天真烂漫的性格让人如沐春风。",6,3,4,0,328,33,446,20,328,36,400,10,0,灵蛇出洞,0,400,10,100,5,0,5000,1,800,40,1,20140331,0,0,10104,15,20104,15,40101,15,1001,9002,7003,0,0,card/60004,card/60004,0,0,0,0,0,200001,60004,4
61005,真·向问天,"江湖外号“天王老子”,容貌清癯,颏下疏疏朗朗一丛花白长须,垂在胸前。",6,3,4,0,446,32,328,24,328,32,400,10,0,吸功入地,0,400,10,100,5,0,5000,1,800,40,1,20140331,0,0,10102,15,20103,15,40102,15,12001,7002,9003,0,0,card/60005,card/60005,0,0,0,0,0,200201,60005,5
61006,真·纪筱芙,"峨嵋派弟子,但是却因对明教左使杨逍产生情意,离开峨眉,最后含恨而终。",6,2,4,0,328,49,446,20,328,20,400,10,0,峨眉掌法,0,400,10,100,5,0,5000,1,800,40,1,20140331,0,0,10102,15,20102,15,40101,15,11001,9002,5003,0,0,card/60006,card/60006,0,206,0,0,0,200101,60006,6
61101,真·梅超枫,"脸色黑黝黝,有如黑铁,脸上从来不露喜怒之色,似僵屍一般,外号「铁尸」。",6,2,5,0,572,66,572,48,286,35,400,10,0,九阴白骨爪,0,450,10,100,5,0,10000,1,1000,50,1,20140331,0,0,10202,15,20203,15,40104,15,13001,7002,1003,3004,0,card/60101,card/60101,0,213,0,0,0,100301,60101,7
61102,真·柯惩恶,"“江南七侠”之首,绰号“飞天蝙蝠”,早年眼睛已瞎靠着一根铁杖伴随左右。",6,5,5,0,573,52,432,68,432,29,400,10,0,伏魔杖法,0,450,10,100,5,0,10000,1,1000,50,1,20140331,0,0,10205,15,20205,15,40103,15,1001,5002,1003,10004,0,card/60102,card/60102,0,215,0,0,0,100001,60102,8
61103,真·成琨,"绰号“混元霹雳手”,暗地里策划了许多江湖事件。",6,3,5,0,715,56,286,61,429,31,400,10,0,混元功,0,450,10,100,5,0,10000,1,1000,50,1,20140331,0,0,10201,15,20204,15,40105,15,10001,1002,4003,5004,0,card/60103,card/60103,0,0,0,0,0,100401,60103,9
61104,真·莫愁仙子,"江湖人又称赤练仙子,手执冰玉毒针纵横江湖十几年,江湖中人无不对之闻风丧胆。",6,4,5,0,432,80,567,35,432,34,400,10,0,冰魄银针,0,450,10,100,5,0,10000,1,1000,50,1,20140331,0,0,10204,15,20201,15,40103,15,10001,6002,8003,2004,0,card/60104,card/60104,0,0,0,0,0,100201,60104,10
61105,真·波斯圣女,"奉母之命混入圣火峰,盗取乾坤大挪移心法,后成为明教波斯总教教主。",6,3,5,0,436,61,720,37,282,50,400,10,0,回春术,0,450,10,100,5,0,10000,1,1000,50,1,20140331,0,0,10203,15,20201,15,40104,15,2001,4002,11003,2004,0,card/60105,card/60105,0,222,0,0,0,200001,60105,11
61106,真·穆念慈,"在一场比武招亲后对完颜小王爷念念不忘,知道完颜小王爷的真面目后独自返回郭家村生活。",6,1,5,0,575,66,428,38,428,44,400,10,0,柳叶刀法,0,450,10,100,5,0,10000,1,1000,50,1,20140331,0,0,10204,15,20203,15,40101,15,9001,4002,9003,3004,0,card/60106,card/60106,0,0,0,0,0,100101,60106,12
61107,真·友坦之,"在复仇路上,痴恋残忍歹毒的小紫而被套上铁头,成为毁容的奴隶,误入歧途。",6,2,5,0,425,77,282,34,722,39,400,10,0,冰蚕毒掌,0,450,10,100,5,0,10000,1,1000,50,1,20140331,0,0,10205,15,20202,15,40102,15,10001,9002,10003,1004,0,card/60107,card/60107,0,0,0,0,0,200301,60107,13
61108,真·小杨幂,"走路睡着踩到高压天线而穿越的莽撞少女，五官精致，活泼好动。",6,4,5,0,450,50,650,70,650,70,400,10,0,漫天花雨,0,400,10,100,5,0,10000,1,1000,50,1,20140331,0,0,10102,15,20103,15,40101,15,10001,1002,3003,11004,12005,card/60108,card/60108,1,0,0,0,0,100201,60108,48
61201,真·蓉儿,"多才多艺,博古通今,精通父亲传授的桃花岛武功、五行八卦阵和奇门遁甲之术。",6,4,6,0,895,112,1515,88,595,65,400,10,0,漫天花雨,0,450,10,100,5,0,20000,1,1000,50,1,20140331,0,0,10301,15,20304,15,40302,15,12001,9002,7003,13004,11005,card/60201,card/60201,0,0,0,0,0,200402,60201,14
61202,真·玄冥二老,"鹿杖客与鹤笔翁,前者好色奸诈,后者愚钝好酒,擅用极阴寒的掌力玄冥神功。",6,2,6,0,1203,123,1203,69,601,73,400,10,0,玄冥神掌,0,450,10,100,5,0,20000,1,1000,50,1,20140331,0,0,10304,15,20304,15,40302,15,8001,3002,7003,13004,8005,card/60202,card/60202,0,0,0,0,0,100302,60202,15
61203,真·任我刑,"阴阳圣教教主,教主之位一度被东方姑娘夺去,但最终与令狐少侠等人合力夺回。",6,3,6,0,1205,128,896,66,896,71,400,10,0,吸星大法,0,450,10,100,5,0,20000,1,1000,50,1,20140331,0,0,10303,15,20304,15,40303,15,6001,12002,13003,12004,7005,card/60203,card/60203,0,0,0,0,0,200002,60203,16
61204,真·星宿老仙,"外号“星宿老怪”,武功极高,善于用毒,本是逍遥弟子,后来背叛师门自立门户。",6,3,6,0,1215,137,898,71,898,57,400,10,0,化功大法,0,450,10,100,5,0,20000,1,1000,50,1,20140331,0,0,10301,15,20303,15,40303,15,8001,5002,3003,5004,13005,card/60204,card/60204,0,0,0,0,0,200501,60204,17
61205,真·金蛇琅君,"是一个正邪参半的角色,有时十恶不赦残酷冷血,但有时却善良和温柔,有情有义。 ",6,1,6,0,898,104,1206,107,898,55,400,10,0,金蛇剑法,0,450,10,100,5,0,20000,1,1000,50,1,20140331,0,0,10301,15,20301,15,40304,15,10001,11002,4003,6004,10005,card/60205,card/60205,0,0,0,0,0,100102,60205,18
61206,真·玄悲,"少林武功造诣极高,已达当世一流境界,但不幸遭遇恶人袭击,不幸去世。 ",6,5,6,0,898,103,588,72,1516,90,400,10,0,韦陀献杵,0,450,10,100,5,0,20000,1,1000,50,1,20140331,0,0,10303,15,20303,15,40301,15,7001,13002,1003,5004,4005,card/60206,card/60206,0,0,0,0,0,100002,60206,19
61207,真·慕容富,"武林世家姑苏慕容的后代,一生都为了匡扶大燕的祖训而活着。 ",6,3,6,0,1507,115,903,61,601,90,400,10,0,斗转星移,0,450,10,100,5,0,20000,1,1000,50,1,20140331,0,0,10303,15,20301,15,40303,15,12001,13002,6003,13004,11005,card/60207,card/60207,0,211,0,0,0,100402,60207,20
61208,真·赵敏,"汝阳王之女,手下皆为武林中最顶尖的高手,曾经险些造成武林各大派元气大伤。 ",6,4,6,0,1203,104,1203,96,599,66,400,10,0,漫天花雨,0,450,10,100,5,0,20000,1,1000,50,1,20140331,0,0,10304,15,20301,15,40303,15,7001,6002,11003,1004,1005,card/60208,card/60208,0,0,0,0,0,100202,60208,21
61209,真·金仑法王,"蒙古密教金刚宗,同时也是蒙古的国师。身披黄袍、极高极瘦、身形似竹杆一般。",6,4,6,0,1196,125,903,55,903,85,400,10,0,五轮大转,0,450,10,100,5,0,20000,1,1000,50,1,20140331,0,0,10302,15,20301,15,40301,15,5001,7002,7003,13004,7005,card/60209,card/60209,0,0,0,0,0,200601,60209,22
61210,真·大轮明王,"西藏密宗,吐蕃国师,精通佛法,每隔五年,开坛讲经说法,人称“大轮明王”。 ",6,3,6,0,903,144,1504,53,601,69,400,10,0,火焰刀,0,450,10,100,5,0,20000,1,1000,50,1,20140331,0,0,10303,15,20301,15,40302,15,7001,5002,6003,11004,3005,card/60210,card/60210,0,0,0,0,0,200701,60210,23
61211,真·任莹莹,"魔教教主任教主之女,兼为魔教圣姑,擅长音律。 ",6,3,6,0,1194,93,907,100,907,72,400,10,0,清心普善咒,0,450,10,100,5,0,20000,1,1000,50,1,20140331,0,0,10302,15,20301,15,40304,15,3001,9002,13003,1004,8005,card/60211,card/60211,0,223,0,0,0,200801,60211,24
61212,真·裘千仁,"铁掌门帮主,武功高强,颇有威望的武林前辈,曾经参与过第一次群侠比剑。",6,2,6,0,1504,113,601,57,903,96,400,10,0,铁砂掌,0,450,10,100,5,0,20000,1,1000,50,1,20140331,0,0,10302,15,20304,15,40303,15,4001,11002,10003,11004,11005,card/60212,card/60212,0,0,0,0,0,200901,60212,25
61213,真·左掌门,"虽为嵩山派掌门,但其人及其门派弟子所作所为与禽兽无异,为武林同道所不齿。",6,2,6,0,1203,116,601,57,1203,93,400,10,0,寒冰神掌,0,450,10,100,5,0,20000,1,1000,50,1,20140331,0,0,10301,15,20303,15,40301,15,13001,5002,5003,8004,13005,card/60213,card/60213,0,0,0,0,0,200002,60213,26
61301,真·龙姑娘,"玉真派传人,收神雕侠为徒,后与神雕侠互生情愫,成为扬名天下的神雕侠侣。",6,4,6,0,1517,143,597,66,897,55,400,10,0,玉蜂针,0,450,10,100,5,0,20000,1,1200,60,1,20140331,0,0,10301,15,20304,15,40301,15,13001,3002,9003,2004,7005,card/60301,card/60301,0,0,0,0,0,200403,60301,27
61302,真·岳掌门,"虽然身为华山派掌门,却在暗地里做着许多见不得人的勾当,是个十足的小人。",6,1,6,0,1517,141,602,55,891,69,400,10,0,辟邪剑法,0,450,10,100,5,0,20000,1,1200,60,1,20140331,0,0,10304,15,20304,15,40304,15,10001,12002,5003,5004,6005,card/60302,card/60302,0,0,0,0,0,100103,60302,28
61303,真·段皇爷,"“五绝”之一。他是大理国皇帝,后出家为僧,法号“一灯”。 ",6,4,6,0,907,98,597,93,1506,74,400,10,0,一阳指,0,450,10,100,5,0,20000,1,1200,60,1,20140331,0,0,10301,15,20304,15,40302,15,13001,9002,6003,13004,12005,card/60303,card/60303,0,209,0,0,0,100203,60303,29
61304,真·洪齐公,"“五绝”之一,为丐帮帮主,曾经因贪吃误事,自断其右手食指,故称“九指神丐”。",6,3,6,0,1506,106,602,60,903,98,400,10,0,逍遥游,0,450,10,100,5,0,20000,1,1200,60,1,20140331,0,0,10304,15,20304,15,40302,15,8001,3002,5003,13004,4005,card/60304,card/60304,0,0,0,0,0,100403,60304,30
61305,真·黄老邪,"“五绝”之一,桃花岛岛主,上通天文,下通地理,文韬武略,样样有门。",6,2,6,0,900,98,900,110,1207,58,400,10,0,落英神剑掌,0,450,10,100,5,0,20000,1,1200,60,1,20140331,0,0,10303,15,20303,15,40303,15,7001,6002,10003,3004,5005,card/60305,card/60305,0,0,0,0,0,100303,60305,31
61306,真·欧阳风,"“五绝”之一,武功登峰造极,心狠手辣,后因错练九阴真书而发疯。 ",6,5,6,0,1202,112,600,91,1202,63,400,10,0,毒蛇杖法,0,450,10,100,5,0,20000,1,1200,60,1,20140331,0,0,10301,15,20301,15,40303,15,8001,12002,3003,1004,4005,card/60306,card/60306,0,0,0,0,0,100003,60306,32
61307,真·老顽童,"生性纯真,爱作弄别人,习武成痴,不拘小节,人称老顽童。 ",6,2,6,0,905,109,597,101,1502,55,400,10,0,空明拳,0,450,10,100,5,0,20000,1,1200,60,1,20140331,0,0,10301,15,20303,15,40304,15,7001,6002,5003,7004,6005,card/60307,card/60307,0,0,0,0,0,200103,60307,33
61308,真·离秋水,"武艺高强,美若天仙,是西夏皇妃,后离秋水之子登基为帝,成为西夏的皇太妃。 ",6,3,6,0,1205,147,903,66,903,52,400,10,0,小无相功,0,450,10,100,5,0,20000,1,1200,60,1,20140331,0,0,10303,15,20301,15,40301,15,9001,12002,2003,5004,12005,card/60308,card/60308,0,0,0,0,0,200203,60308,34
61309,真·飘渺童姥,"缥缈峰主人,身材永如女童,医术高明而且精通暗器,传说杀人不用第二招。  ",6,4,6,0,890,95,1497,112,587,58,400,10,0,生死符,0,450,10,100,5,0,20000,1,1200,60,1,20140331,0,0,10303,15,20301,15,40303,15,8001,12002,6003,8004,12005,card/60309,card/60309,0,0,0,0,0,200303,60309,35
61310,真·无厓子,"长须三尺,脸如冠玉,无半丝皱纹,年纪显然不小,但却仍神采飞扬,风度闲雅。 ",6,3,6,0,905,117,905,71,1202,76,400,10,0,北冥神功,0,450,10,100,5,0,20000,1,1200,60,1,20140331,0,0,10304,15,20301,15,40303,15,3001,1002,8003,10004,5005,card/60310,card/60310,0,0,0,0,0,200403,60310,36
61401,真·张教主,"误打误撞学会九阳神功,化解体内寒毒,并学会乾坤大挪移和太极奥秘三大武功。",6,3,7,0,2074,178,1021,155,2074,98,400,10,0,九阳神功,0,450,10,100,5,0,30000,1,1400,70,1,20140331,0,0,10302,15,20301,15,40301,15,7001,2002,2003,1004,4005,card/60401,card/60401,0,0,0,0,0,100404,60401,37
61402,真·神雕侠,"其人孤傲狂放,一心只向师父龙姑娘,带着一只神雕闯荡江湖,人称神雕侠。",6,2,7,0,2067,187,1550,120,1550,126,400,10,0,黯然销魂掌,0,450,10,100,5,0,30000,1,1400,70,1,20140331,0,0,10303,15,20301,15,40302,15,9001,4002,7003,3004,8005,card/60402,card/60402,0,0,0,0,0,100304,60402,38
61403,真·令狐少侠,"本为华山大弟子,并得高人风清扬传授独孤神剑,被逐出师门后广交各路好友。",6,1,7,0,2634,222,1557,116,1038,95,400,10,0,独孤九剑,0,450,10,100,5,0,30000,1,1400,70,1,20140331,0,0,10302,15,20304,15,40304,15,2001,12002,8003,11004,5005,card/60403,card/60403,0,0,0,0,0,100104,60403,39
61404,真·段公子,"无意间学会飘渺派绝学“飘渺微步”和“北冥神掌”,天龙寺时习得“六道神剑”。",6,4,7,0,2067,208,1033,125,2067,98,400,10,0,六脉神剑,0,450,10,100,5,0,30000,1,1400,70,1,20140331,0,0,10302,15,20303,15,40303,15,11001,6002,9003,1004,13005,card/60404,card/60404,0,207,0,0,0,100204,60404,40
61405,真·虚竺,"本是少林寺小僧,破解珍珑棋局后,得了无厓子七十年内力,并成为飘渺派掌门。",6,2,7,0,2102,173,1031,130,2102,130,400,10,0,天山六阳掌,0,450,10,100,5,0,30000,1,1400,70,1,20140331,0,0,10301,15,20304,15,40301,15,2001,5002,2003,9004,11005,card/60405,card/60405,0,230,0,0,0,200404,60405,41
61406,真·萧锋,"曾任丐帮帮主,与慕容复国并称为“北乔锋 南慕容”,以降龙神掌震惊江湖。",6,5,7,0,1555,179,1555,150,2048,104,400,10,0,打狗棒法,0,450,10,100,5,0,30000,1,1400,70,1,20140331,0,0,10301,15,20304,15,40301,15,3001,3002,10003,11004,8005,card/60406,card/60406,0,210,0,0,0,100004,60406,42
61407,真·王真人,"全真教创始人,在第一次群侠比剑中技冠群雄,获得天下第一称号。 ",6,3,7,0,2102,178,1031,134,2102,120,400,10,0,先天功,0,450,10,100,5,0,30000,1,1400,70,1,20140331,0,0,10304,15,20304,15,40304,15,6001,7002,2003,11004,3005,card/60407,card/60407,0,0,0,0,0,200004,60407,43
61408,真·石惊天,"原本为一个小乞丐,为人忠厚老实,误打误撞而练就了震慑古今的绝世武功。 ",6,3,7,0,2095,217,2095,98,1047,117,400,10,0,侠客行神功,0,450,10,100,5,0,30000,1,1400,70,1,20140331,0,0,10301,15,20304,15,40302,15,1001,2002,8003,4004,5005,card/60408,card/60408,0,0,0,0,0,200104,60408,44
61409,真·东方不败,"魔教副教主,趁任教主练功走火入魔之际发动叛乱,用计谋掌控神教,成就霸业。",6,1,7,0,2581,170,1024,147,1555,116,400,10,0,葵花宝典,0,450,10,100,5,0,30000,1,1400,70,1,20140331,0,0,10304,15,20303,15,40302,15,7001,6002,1003,5004,8005,card/60409,card/60409,0,0,0,0,0,200304,60409,45
61410,真·扫地神僧,"少林寺一扫地老僧,拥有丰富的阅历,通晓佛经,精研佛理。",6,5,7,0,2070,179,1017,100,2070,154,400,10,0,扫地棍法,0,450,10,100,5,0,30000,1,1400,70,1,20140331,0,0,10303,15,20301,15,40303,15,7001,12002,5003,12004,8005,card/60410,card/60410,0,0,0,0,0,200204,60410,46
61411,真·郭大侠,"个性忠厚,天生一副侠义心肠,曾屡遭奇遇以致武功惊世骇俗,镇守襄阳数十年。",6,2,7,0,1571,191,1571,142,2095,99,400,10,0,降龙十八掌,0,450,10,100,5,0,30000,1,1400,70,1,20140331,0,0,10301,15,20303,15,40303,15,6001,6002,12003,10004,11005,card/60411,card/60411,0,224,0,0,0,200404,60411,47
