1,2,3,4,5,6,7,8,9,10,11,12,13,14,15,16,17,18,19,20,21,22,23,24,25,26,27,28,29,30,31
1,100,0,0,0,0,0,0,0,0,0,0,0,0,0,0,0,0,0,0,0,0,0,0,0,0,0,0,0,0,0
2,100,0,0,0,0,0,0,0,0,0,0,0,0,0,0,0,0,0,0,0,0,0,0,0,0,0,0,0,0,0
3,100,0,0,0,0,0,0,0,0,0,0,0,0,0,0,0,0,0,0,0,0,0,0,0,0,0,0,0,0,0
4,100,0,0,0,0,0,0,0,0,0,0,0,0,0,0,0,0,0,0,0,0,0,0,0,0,0,0,0,0,0
5,100,0,0,0,0,0,0,0,0,0,0,0,0,0,0,0,0,0,0,0,0,0,0,0,0,0,0,0,0,0
6,100,0,0,0,0,0,0,0,0,0,0,0,0,0,0,0,0,0,0,0,0,0,0,0,0,0,0,0,0,0
7,100,0,0,0,0,0,0,0,0,0,0,0,0,0,0,0,0,0,0,0,0,0,0,0,0,0,0,0,0,0
8,100,0,0,0,0,0,0,0,0,0,0,0,0,0,0,0,0,0,0,0,0,0,0,0,0,0,0,0,0,0
15,100,0,0,0,0,0,0,0,0,0,0,0,0,0,0,0,0,0,0,0,0,0,0,0,0,0,0,0,0,0
16,100,0,0,0,0,0,0,0,0,0,0,0,0,0,0,0,0,0,0,0,0,0,0,0,0,0,0,0,0,0
19,100,0,0,0,0,0,0,0,0,0,0,0,0,0,0,0,0,0,0,0,0,0,0,0,0,0,0,0,0,0
20,100,0,0,0,0,0,0,0,0,0,0,0,0,0,0,0,0,0,0,0,0,0,0,0,0,0,0,0,0,0
21,100,0,0,0,0,0,0,0,0,0,0,0,0,0,0,0,0,0,0,0,0,0,0,0,0,0,0,0,0,0
126,100,0,0,0,0,0,0,0,0,0,0,0,0,0,0,0,0,0,0,0,0,0,0,0,0,0,0,0,0,0
127,100,0,0,0,0,0,0,0,0,0,0,0,0,0,0,0,0,0,0,0,0,0,0,0,0,0,0,0,0,0
128,100,0,0,0,0,0,0,0,0,0,0,0,0,0,0,0,0,0,0,0,0,0,0,0,0,0,0,0,0,0
129,100,0,0,0,0,0,0,0,0,0,0,0,0,0,0,0,0,0,0,0,0,0,0,0,0,0,0,0,0,0
101,20,0,0,500,0,0,0,0,0,0,0,0,0,0,0,0,0,0,0,0,0,0,0,0,0,0,0,0,0,0
102,20,0,0,500,0,0,0,0,0,0,0,0,0,0,0,0,0,0,0,0,0,0,0,0,0,0,0,0,0,0
111,20,0,0,500,0,0,0,0,0,0,0,0,0,0,0,0,0,0,0,0,0,0,0,0,0,0,0,0,0,0
112,20,0,0,500,0,0,0,0,0,0,0,0,0,0,0,0,0,0,0,0,0,0,0,0,0,0,0,0,0,0
113,20,0,0,500,0,0,0,0,0,0,0,0,0,0,0,0,0,0,0,0,0,0,0,0,0,0,0,0,0,0
114,20,0,0,500,0,0,0,0,0,0,0,0,0,0,0,0,0,0,0,0,0,0,0,0,0,0,0,0,0,0
119,20,0,0,500,0,0,0,0,0,0,0,0,0,0,0,0,0,0,0,0,0,0,0,0,0,0,0,0,0,0
123,20,0,0,500,0,0,0,0,0,0,0,0,0,0,0,0,0,0,0,0,0,0,0,0,0,0,0,0,0,0
124,20,0,0,500,0,0,0,0,0,0,0,0,0,0,0,0,0,0,0,0,0,0,0,0,0,0,0,0,0,0
201,0,0,50,0,0,0,0,0,50,0,50,0,50,0,50,0,50,0,50,0,50,0,50,0,50,0,50,0,50,0
202,0,0,50,0,0,0,0,0,50,0,50,0,50,0,50,0,50,0,50,0,50,0,50,0,50,0,50,0,50,0
203,0,0,50,0,0,0,0,0,50,0,50,0,50,0,50,0,50,0,50,0,50,0,50,0,50,0,50,0,50,0
204,0,0,50,0,0,0,0,0,50,0,50,0,50,0,50,0,50,0,50,0,50,0,50,0,50,0,50,0,50,0
205,0,0,50,0,0,0,0,0,50,0,50,0,50,0,50,0,50,0,50,0,50,0,50,0,50,0,50,0,50,0
206,0,200,150,100,0,500,0,0,150,0,150,0,140,0,135,0,130,0,100,0,95,0,90,0,90,0,90,0,90,0
207,0,200,150,100,0,500,0,0,150,0,150,0,140,0,135,0,130,0,100,0,95,0,90,0,90,0,90,0,90,0
208,0,200,150,100,0,500,0,0,150,0,150,0,140,0,135,0,130,0,100,0,95,0,90,0,90,0,90,0,90,0
209,0,200,150,100,0,500,0,0,150,0,150,0,140,0,135,0,130,0,100,0,95,0,90,0,90,0,90,0,90,0
210,0,200,150,100,0,500,0,0,150,0,150,0,140,0,135,0,130,0,100,0,95,0,90,0,90,0,90,0,90,0
211,0,200,150,100,0,500,0,0,150,0,150,0,140,0,135,0,130,0,100,0,95,0,90,0,90,0,90,0,90,0
212,0,200,150,100,0,500,0,0,150,0,150,0,140,0,135,0,130,0,100,0,95,0,90,0,90,0,90,0,90,0
213,0,200,150,100,0,500,0,0,150,0,150,0,140,0,135,0,130,0,100,0,95,0,90,0,90,0,90,0,90,0
214,0,200,150,100,0,500,0,0,150,0,150,0,140,0,135,0,130,0,100,0,95,0,90,0,90,0,90,0,90,0
215,0,200,150,100,0,500,0,0,150,0,150,0,140,0,135,0,130,0,100,0,95,0,90,0,90,0,90,0,90,0
216,0,200,150,100,0,500,0,0,150,0,150,0,140,0,135,0,130,0,100,0,95,0,90,0,90,0,90,0,90,0
217,0,200,150,100,0,500,0,0,150,0,150,0,140,0,135,0,130,0,100,0,95,0,90,0,90,0,90,0,90,0
218,0,200,150,100,0,500,0,0,150,0,150,0,140,0,135,0,130,0,100,0,95,0,90,0,90,0,90,0,90,0
219,0,200,150,100,0,500,0,0,150,0,150,0,140,0,135,0,130,0,100,0,95,0,90,0,90,0,90,0,90,0
220,0,200,150,100,0,500,0,0,150,0,150,0,140,0,135,0,130,0,100,0,95,0,90,0,90,0,90,0,90,0
301,0,0,10,0,0,0,0,0,10,0,10,0,10,0,10,0,10,0,10,0,10,0,10,0,10,0,10,0,10,0
302,0,10,50,10,0,50,0,150,50,150,50,150,50,0,50,0,50,0,50,0,50,0,50,0,50,0,50,0,50,0
303,0,0,10,0,0,0,0,0,10,0,10,0,10,0,10,0,10,0,10,0,10,0,10,0,10,0,10,0,10,0
304,0,0,0,0,0,0,0,0,0,0,0,0,0,0,0,0,0,0,0,0,0,0,0,0,0,0,0,0,0,0
305,0,10,50,10,0,50,0,150,50,150,50,150,50,0,50,0,50,0,50,0,50,0,50,0,50,0,50,0,50,0
306,0,10,50,10,0,50,0,150,50,150,50,150,50,0,50,0,50,0,50,0,50,0,50,0,50,0,50,0,50,0
308,0,0,0,0,0,0,0,0,0,0,0,0,0,0,0,0,0,0,0,0,0,0,0,0,0,0,0,0,0,0
309,0,10,50,10,0,50,0,150,50,150,50,150,50,0,50,0,50,0,50,0,50,0,50,0,50,0,50,0,50,0
310,0,10,50,10,0,50,0,150,50,150,50,150,50,0,50,0,50,0,50,0,50,0,50,0,50,0,50,0,50,0
314,0,10,50,10,0,50,0,150,50,150,50,150,50,0,50,0,50,0,50,0,50,0,50,0,50,0,50,0,50,0
316,0,10,0,0,0,50,0,0,0,0,0,0,0,0,0,0,0,0,0,0,0,0,0,0,0,0,0,0,0,0
317,0,10,50,0,0,50,0,150,50,150,50,150,50,0,50,0,50,0,50,0,50,0,50,0,50,0,50,0,50,0
318,0,0,0,0,0,0,0,0,0,0,0,0,0,0,0,0,0,0,0,0,0,0,0,0,0,0,0,0,0,0
319,0,10,50,10,0,50,0,150,50,150,50,150,50,0,50,0,50,0,50,0,50,0,50,0,50,0,50,0,50,0
320,0,10,50,0,0,50,0,150,50,150,50,150,50,0,50,0,50,0,50,0,50,0,50,0,50,0,50,0,50,0
401,0,0,10,0,0,0,150,0,10,15,10,15,10,15,10,15,10,15,10,15,10,15,10,15,10,15,10,15,10,0
402,0,0,0,0,0,0,0,0,0,0,0,0,0,15,0,0,0,0,0,0,0,0,0,0,0,0,0,0,0,0
403,0,0,0,0,0,0,50,0,0,0,0,0,0,5,0,0,0,0,0,0,0,0,0,0,0,0,0,0,0,0
404,0,0,10,0,0,0,150,0,10,0,10,15,10,15,10,15,10,15,10,15,10,15,10,15,10,15,10,15,10,0
405,0,1,10,0,0,0,150,5,10,5,10,15,10,15,10,15,10,15,10,15,10,15,10,15,10,15,10,15,10,0
406,0,0,0,0,0,0,150,0,0,0,0,0,0,0,0,0,0,0,0,0,0,0,0,0,0,0,0,0,0,0
407,0,1,5,0,0,0,150,0,5,0,5,15,5,15,5,15,5,15,5,15,5,15,5,15,5,15,5,15,5,0
408,0,1,5,0,0,0,150,0,5,0,5,15,5,15,5,15,5,15,5,15,5,15,5,15,5,15,5,15,5,0
409,0,1,5,0,0,0,150,0,5,0,5,15,5,15,5,15,5,15,5,15,5,15,5,15,5,15,5,15,5,0
410,0,1,5,0,0,0,150,0,5,0,5,15,5,15,5,15,5,15,5,15,5,15,5,15,5,15,5,15,5,0
411,0,1,5,0,0,0,150,0,5,0,5,15,5,15,5,15,5,15,5,15,5,15,5,15,5,15,5,15,5,0
412,0,1,5,0,0,0,150,0,5,0,5,15,5,15,5,15,5,15,5,15,5,15,5,15,5,15,5,15,5,0
413,0,1,5,0,0,0,150,0,5,0,5,15,5,15,5,15,5,15,5,15,5,15,5,15,5,15,5,15,5,0
414,0,1,5,0,0,0,150,0,5,0,5,15,5,15,5,15,5,15,5,15,5,15,5,15,5,15,5,15,5,0
415,0,1,5,0,0,0,150,0,5,0,5,15,5,15,5,15,5,15,5,15,5,15,5,15,5,15,5,15,5,0
801,0,0,0,0,0,0,0,0,0,0,0,0,0,0,0,0,0,0,0,0,0,0,0,0,0,0,0,0,0,0
802,0,0,0,0,0,0,0,0,0,0,0,0,0,0,0,0,0,0,0,0,0,0,0,0,0,0,0,0,0,0
803,0,0,0,0,0,0,0,0,0,0,0,0,0,0,0,0,0,0,0,0,0,0,0,0,0,0,0,0,0,0
804,0,0,0,0,0,0,0,0,0,0,0,0,0,0,0,0,0,0,0,0,0,0,0,0,0,0,0,0,0,0
805,0,0,0,0,0,0,0,0,0,0,0,0,0,0,0,0,0,0,0,0,0,0,0,0,0,0,0,0,0,0
806,0,0,0,0,0,0,0,0,0,0,0,0,0,0,0,0,0,0,0,0,0,0,0,0,0,0,0,0,0,0
807,0,0,0,0,0,0,0,0,0,0,0,0,0,0,0,0,0,0,0,0,0,0,0,0,0,0,0,0,0,0
808,0,0,0,0,0,0,0,0,0,0,0,0,0,0,0,0,0,0,0,0,0,0,0,0,0,0,0,0,0,0
809,0,0,0,0,0,0,0,0,0,0,0,0,0,0,0,0,0,0,0,0,0,0,0,0,0,0,0,0,0,0
810,0,0,0,0,0,0,0,0,0,0,0,0,0,0,0,0,0,0,0,0,0,0,0,0,0,0,0,0,0,0
811,0,0,0,0,0,0,0,0,0,0,0,0,0,0,0,0,0,0,0,0,0,0,0,0,0,0,0,0,0,0
812,0,0,0,0,0,0,0,0,0,0,0,0,0,0,0,0,0,0,0,0,0,0,0,0,0,0,0,0,0,0
813,0,0,0,0,0,0,0,0,0,0,0,0,0,0,0,0,0,0,0,0,0,0,0,0,0,0,0,0,0,0
814,0,0,0,0,0,0,0,0,0,0,0,0,0,0,0,0,0,0,0,0,0,0,0,0,0,0,0,0,0,0
815,0,0,0,0,0,0,0,0,0,0,0,0,0,0,0,0,0,0,0,0,0,0,0,0,0,0,0,0,0,0
816,0,0,0,0,0,0,0,0,0,0,0,0,0,0,0,0,0,0,0,0,0,0,0,0,0,0,0,0,0,0
817,0,0,0,0,0,0,0,0,0,0,0,0,0,0,0,0,0,0,0,0,0,0,0,0,0,0,0,0,0,0
818,0,0,0,0,0,0,0,0,0,0,0,0,0,0,0,0,0,0,0,0,0,0,0,0,0,0,0,0,0,0
901,10,0,0,0,0,0,0,0,0,0,0,0,0,0,0,0,0,0,0,0,0,0,0,0,0,0,0,0,0,0
902,5,0,0,0,0,0,0,0,0,0,0,0,0,0,0,0,0,0,0,0,0,0,0,0,0,0,0,0,0,0
903,0,0,0,0,0,0,0,0,0,0,0,0,0,0,0,0,0,0,0,0,0,0,0,0,0,0,0,0,0,0
904,0,0,0,0,0,0,0,0,0,0,0,0,0,0,0,0,0,0,0,0,0,0,0,0,0,0,0,0,0,0
905,0,0,0,0,0,0,0,0,0,0,0,0,0,0,0,0,0,0,0,0,0,0,0,0,0,0,0,0,0,0
1201,0,0,0,0,0,0,0,0,0,0,0,0,0,0,0,0,0,0,0,0,0,0,0,0,0,0,0,0,0,0
1202,0,0,0,0,0,0,0,0,0,0,0,0,0,0,0,0,0,0,0,0,0,0,0,0,0,0,0,0,0,0
1203,0,0,0,0,0,0,0,0,0,0,0,0,0,0,0,0,0,0,0,0,0,0,0,0,0,0,0,0,0,0
1204,0,0,0,0,0,0,0,0,0,0,0,0,0,0,0,0,0,0,0,0,0,0,0,0,0,0,0,0,0,0
1205,0,0,0,0,0,0,0,0,0,0,0,0,0,0,0,0,0,0,0,0,0,0,0,0,0,0,0,0,0,0
1206,0,0,0,0,0,0,0,0,0,0,0,0,0,0,0,0,0,0,0,0,0,0,0,0,0,0,0,0,0,0
1207,0,0,0,0,0,0,0,0,0,0,0,0,0,0,0,0,0,0,0,0,0,0,0,0,0,0,0,0,0,0
1208,0,0,0,0,0,0,0,0,0,0,0,0,0,0,0,0,0,0,0,0,0,0,0,0,0,0,0,0,0,0
1209,0,0,0,0,0,0,0,0,0,0,0,0,0,0,0,0,0,0,0,0,0,0,0,0,0,0,0,0,0,0
1210,0,0,0,0,0,0,0,0,0,0,0,0,0,0,0,0,0,0,0,0,0,0,0,0,0,0,0,0,0,0
1211,0,0,0,0,0,0,0,0,0,0,0,0,0,0,0,0,0,0,0,0,0,0,0,0,0,0,0,0,0,0
1212,0,0,0,0,0,0,0,0,0,0,0,0,0,0,0,0,0,0,0,0,0,0,0,0,0,0,0,0,0,0
1213,0,0,0,0,0,0,0,0,0,0,0,0,0,0,0,0,0,0,0,0,0,0,0,0,0,0,0,0,0,0
1214,0,0,0,0,0,0,0,0,0,0,0,0,0,0,0,0,0,0,0,0,0,0,0,0,0,0,0,0,0,0
1215,0,0,0,0,0,0,0,0,0,0,0,0,0,0,0,0,0,0,0,0,0,0,0,0,0,0,0,0,0,0
1216,0,0,0,0,0,0,0,0,0,0,0,0,0,0,0,0,0,0,0,0,0,0,0,0,0,0,0,0,0,0
1217,0,0,0,0,0,0,0,0,0,0,0,0,0,0,0,0,0,0,0,0,0,0,0,0,0,0,0,0,0,0
1218,0,0,0,0,0,0,0,0,0,0,0,0,0,0,0,0,0,0,0,0,0,0,0,0,0,0,0,0,0,0
1219,0,0,0,0,0,0,0,0,0,0,0,0,0,0,0,0,0,0,0,0,0,0,0,0,0,0,0,0,0,0
1220,0,0,0,0,0,0,0,0,0,0,0,0,0,0,0,0,0,0,0,0,0,0,0,0,0,0,0,0,0,0
1301,0,0,0,0,0,0,0,0,0,0,0,0,0,0,0,0,0,0,0,0,0,5,0,5,0,5,0,5,0,0
1302,0,0,0,0,0,0,0,0,0,0,0,0,0,0,0,0,0,0,0,0,0,5,0,5,0,5,0,5,0,0
1303,0,0,0,0,0,0,0,0,0,0,0,0,0,0,0,0,0,0,0,0,0,5,0,5,0,5,0,5,0,0
1304,0,0,0,0,0,0,0,0,0,0,0,0,0,0,0,0,0,0,0,0,0,5,0,5,0,5,0,5,0,0
1305,0,0,0,0,0,0,0,0,0,0,0,0,0,0,0,0,0,0,0,0,0,5,0,5,0,5,0,5,0,0
1306,0,0,0,0,0,0,0,0,0,0,0,0,0,0,0,0,0,0,0,0,0,5,0,5,0,5,0,5,0,0
1308,0,0,0,0,0,0,0,0,0,0,0,0,0,0,0,0,0,0,0,0,0,5,0,5,0,5,0,5,0,0
1309,0,0,0,0,0,0,0,0,0,0,0,0,0,0,0,0,0,0,0,0,0,5,0,5,0,5,0,5,0,0
1310,0,0,0,0,0,0,0,0,0,0,0,0,0,0,0,0,0,0,0,0,0,5,0,5,0,5,0,5,0,0
1314,0,0,0,0,0,0,0,0,0,0,0,0,0,0,0,0,0,0,0,0,0,5,0,5,0,5,0,5,0,0
1316,0,0,0,0,0,0,0,0,0,0,0,0,0,0,0,0,0,0,0,0,0,5,0,5,0,5,0,5,0,0
1317,0,0,0,0,0,0,0,0,0,0,0,0,0,0,0,0,0,0,0,0,0,5,0,5,0,5,0,5,0,0
1318,0,0,0,0,0,0,0,0,0,0,0,0,0,0,0,0,0,0,0,0,0,5,0,5,0,5,0,5,0,0
1319,0,0,0,0,0,0,0,0,0,0,0,0,0,0,0,0,0,0,0,0,0,5,0,5,0,5,0,5,0,0
1320,0,0,0,0,0,0,0,0,0,0,0,0,0,0,0,0,0,0,0,0,0,5,0,5,0,5,0,5,0,0
1401,0,0,0,0,0,0,0,0,0,0,0,0,0,0,0,0,0,0,0,0,0,0,0,0,0,0,0,0,0,0
1402,0,0,0,0,0,0,0,0,0,0,0,0,0,0,0,0,0,0,0,0,0,0,0,0,0,0,0,0,0,0
1403,0,0,0,0,0,0,0,0,0,0,0,0,0,0,0,0,0,0,0,0,0,0,0,0,0,0,0,0,0,0
1404,0,0,0,0,0,0,0,0,0,0,0,0,0,0,0,0,0,0,0,0,0,0,0,0,0,0,0,0,0,0
1405,0,0,0,0,0,0,0,0,0,0,0,0,0,0,0,0,0,0,0,0,0,0,0,0,0,0,0,0,0,0
1406,0,0,0,0,0,0,0,0,0,0,0,0,0,0,0,0,0,0,0,0,0,0,0,0,0,0,0,0,0,0
1407,0,0,0,0,0,0,0,0,0,0,0,0,0,0,0,0,0,0,0,0,0,0,0,0,0,0,0,0,0,0
1408,0,0,0,0,0,0,0,0,0,0,0,0,0,0,0,0,0,0,0,0,0,0,0,0,0,0,0,0,0,0
1409,0,0,0,0,0,0,0,0,0,0,0,0,0,0,0,0,0,0,0,0,0,0,0,0,0,0,0,0,0,0
1410,0,0,0,0,0,0,0,0,0,0,0,0,0,0,0,0,0,0,0,0,0,0,0,0,0,0,0,0,0,0
1411,0,0,0,0,0,0,0,0,0,0,0,0,0,0,0,0,0,0,0,0,0,0,0,0,0,0,0,0,0,0
1412,0,0,0,0,0,0,0,0,0,0,0,0,0,0,0,0,0,0,0,0,0,0,0,0,0,0,0,0,0,0
1413,0,0,0,0,0,0,0,0,0,0,0,0,0,0,0,0,0,0,0,0,0,0,0,0,0,0,0,0,0,0
1414,0,0,0,0,0,0,0,0,0,0,0,0,0,0,0,0,0,0,0,0,0,0,0,0,0,0,0,0,0,0
1415,0,0,0,0,0,0,0,0,0,0,0,0,0,0,0,0,0,0,0,0,0,0,0,0,0,0,0,0,0,0
60001,0,200,10,0,0,0,0,0,10,0,10,0,10,0,10,0,10,0,10,0,10,0,10,0,10,0,10,0,10,0
60002,0,200,10,0,0,0,0,0,10,0,10,0,10,0,10,0,10,0,10,0,10,0,10,0,10,0,10,0,10,0
60003,0,200,10,0,0,0,0,0,10,0,10,0,10,0,10,0,10,0,10,0,10,0,10,0,10,0,10,0,10,0
60004,0,200,10,0,0,0,0,0,10,0,10,0,10,0,10,0,10,0,10,0,10,0,10,0,10,0,10,0,10,0
60005,0,200,10,0,0,0,0,0,10,0,10,0,10,0,10,0,10,0,10,0,10,0,10,0,10,0,10,0,10,0
60006,0,200,10,0,0,0,0,0,10,0,10,0,10,0,10,0,10,0,10,0,10,0,10,0,10,0,10,0,10,0
60101,0,10,20,0,0,0,0,10,20,10,20,10,20,0,20,0,20,10,20,10,20,10,20,10,20,10,20,10,20,0
60102,0,10,20,0,0,0,0,10,20,10,20,10,20,0,20,0,20,10,20,10,20,10,20,10,20,10,20,10,20,0
60103,0,10,20,0,0,0,0,10,20,10,20,10,20,0,20,0,20,10,20,10,20,10,20,10,20,10,20,10,20,0
60104,0,10,20,0,0,0,0,10,20,10,20,10,20,0,20,0,20,10,20,10,20,10,20,10,20,10,20,10,20,0
60105,0,10,20,0,0,0,0,10,20,10,20,10,20,0,20,0,20,10,20,10,20,10,20,10,20,10,20,10,20,0
60106,0,10,20,0,0,0,0,10,20,10,20,10,20,0,20,0,20,10,20,10,20,10,20,10,20,10,20,10,20,0
60107,0,10,20,0,0,0,0,10,20,10,20,10,20,0,20,0,20,10,20,10,20,10,20,10,20,10,20,10,20,0
60201,0,1,5,0,0,0,150,0,5,0,5,5,5,5,5,5,5,5,5,5,5,5,5,5,5,5,5,5,5,0
60202,0,1,5,0,0,0,150,0,5,0,5,5,5,5,5,5,5,5,5,5,5,5,5,5,5,5,5,5,5,0
60203,0,1,5,0,0,0,150,0,5,0,5,5,5,5,5,5,5,5,5,5,5,5,5,5,5,5,5,5,5,0
60204,0,1,5,0,0,0,150,0,5,0,5,5,5,5,5,5,5,5,5,5,5,5,5,5,5,5,5,5,5,0
60205,0,1,5,0,0,0,150,0,5,0,5,5,5,5,5,5,5,5,5,5,5,5,5,5,5,5,5,5,5,0
60206,0,1,5,0,0,0,150,0,5,0,5,5,5,5,5,5,5,5,5,5,5,5,5,5,5,5,5,5,5,0
60207,0,1,5,0,0,0,150,0,5,0,5,5,5,5,5,5,5,5,5,5,5,5,5,5,5,5,5,5,5,0
60208,0,1,5,0,0,0,150,0,5,0,5,5,5,5,5,5,5,5,5,5,5,5,5,5,5,5,5,5,5,0
60209,0,1,5,0,0,0,150,0,5,0,5,5,5,5,5,5,5,5,5,5,5,5,5,5,5,5,5,5,5,0
60210,0,1,5,0,0,0,150,0,5,0,5,5,5,5,5,5,5,5,5,5,5,5,5,5,5,5,5,5,5,0
60211,0,1,5,0,0,0,150,0,5,0,5,5,5,5,5,5,5,5,5,5,5,5,5,5,5,5,5,5,5,0
60212,0,1,5,0,0,0,150,0,5,0,5,5,5,5,5,5,5,5,5,5,5,5,5,5,5,5,5,5,5,0
60213,0,1,5,0,0,0,150,0,5,0,5,5,5,5,5,5,5,5,5,5,5,5,5,5,5,5,5,5,5,5
60301,0,1,5,0,0,0,150,0,5,0,5,5,5,5,5,5,5,5,5,5,5,5,5,5,5,5,5,5,5,5
60302,0,0,5,0,0,0,150,0,5,0,5,5,5,5,5,5,5,5,5,5,5,5,5,5,5,5,5,5,5,5
60303,0,0,5,0,0,0,150,0,5,0,5,5,5,5,5,5,5,5,5,5,5,5,5,5,5,5,5,5,5,5
60304,0,0,5,0,0,0,150,0,5,0,5,5,5,5,5,5,5,5,5,5,5,5,5,5,5,5,5,5,5,5
60305,0,0,5,0,0,0,150,0,5,0,5,5,5,5,5,5,5,5,5,5,5,5,5,5,5,5,5,5,5,5
60306,0,0,5,0,0,0,150,0,5,0,5,5,5,5,5,5,5,5,5,5,5,5,5,5,5,5,5,5,5,5
60307,0,0,5,0,0,0,150,0,5,0,5,5,5,5,5,5,5,5,5,5,5,5,5,5,5,5,5,5,5,5
60308,0,0,5,0,0,0,150,0,5,0,5,5,5,5,5,5,5,5,5,5,5,5,5,5,5,5,5,5,5,5
60309,0,0,5,0,0,0,150,0,5,0,5,5,5,5,5,5,5,5,5,5,5,5,5,5,5,5,5,5,5,5
60310,0,0,5,0,0,0,150,0,5,0,5,5,5,5,5,5,5,5,5,5,5,5,5,5,5,5,5,5,5,5
60401,0,0,0,0,1000,0,10,0,0,0,0,0,0,0,0,0,0,0,0,0,0,0,0,0,0,0,0,0,0,0
60402,0,0,0,0,1000,0,10,0,0,0,0,0,0,0,0,0,0,0,0,0,0,0,0,0,0,0,0,0,0,0
60403,0,0,0,0,1000,0,10,0,0,0,0,0,0,0,0,0,0,0,0,0,0,0,0,0,0,0,0,0,0,0
60404,0,0,0,0,1000,0,10,0,0,0,0,0,0,0,0,0,0,0,0,0,0,0,0,0,0,0,0,0,0,0
60405,0,0,0,0,1000,0,10,0,0,0,0,0,0,0,0,0,0,0,0,0,0,0,0,0,0,0,0,0,0,0
60406,0,0,0,0,1000,0,10,0,0,0,0,0,0,0,0,0,0,0,0,0,0,0,0,0,0,0,0,0,0,0
60407,0,0,0,0,1000,0,10,0,0,0,0,0,0,0,0,0,0,0,0,0,0,0,0,0,0,0,0,0,0,0
60408,0,0,0,0,1000,0,10,0,0,0,0,0,0,0,0,0,0,0,0,0,0,0,0,0,0,0,0,0,0,0
60409,0,0,0,0,1000,0,10,0,0,0,0,0,0,0,0,0,0,0,0,0,0,0,0,0,0,0,0,0,0,0
60410,0,0,0,0,1000,0,10,0,0,0,0,0,0,0,0,0,0,0,0,0,0,0,0,0,0,0,0,0,0,0
60411,0,0,0,0,1000,0,10,0,0,0,0,0,0,0,0,0,0,0,0,0,0,0,0,0,0,0,0,0,0,0
61001,0,0,0,0,0,0,0,0,0,0,0,0,0,0,0,0,0,0,0,0,0,0,0,0,0,0,0,0,0,0
61002,0,0,0,0,0,0,0,0,0,0,0,0,0,0,0,0,0,0,0,0,0,0,0,0,0,0,0,0,0,0
61003,0,0,0,0,0,0,0,0,0,0,0,0,0,0,0,0,0,0,0,0,0,0,0,0,0,0,0,0,0,0
61004,0,0,0,0,0,0,0,0,0,0,0,0,0,0,0,0,0,0,0,0,0,0,0,0,0,0,0,0,0,0
61005,0,0,0,0,0,0,0,0,0,0,0,0,0,0,0,0,0,0,0,0,0,0,0,0,0,0,0,0,0,0
61006,0,0,0,0,0,0,0,0,0,0,0,0,0,0,0,0,0,0,0,0,0,0,0,0,0,0,0,0,0,0
61101,0,0,0,0,0,0,0,0,0,0,0,0,0,0,0,0,0,0,0,0,0,0,0,0,0,0,0,0,0,0
61102,0,0,0,0,0,0,0,0,0,0,0,0,0,0,0,0,0,0,0,0,0,0,0,0,0,0,0,0,0,0
61103,0,0,0,0,0,0,0,0,0,0,0,0,0,0,0,0,0,0,0,0,0,0,0,0,0,0,0,0,0,0
61104,0,0,0,0,0,0,0,0,0,0,0,0,0,0,0,0,0,0,0,0,0,0,0,0,0,0,0,0,0,0
61105,0,0,0,0,0,0,0,0,0,0,0,0,0,0,0,0,0,0,0,0,0,0,0,0,0,0,0,0,0,0
61106,0,0,0,0,0,0,0,0,0,0,0,0,0,0,0,0,0,0,0,0,0,0,0,0,0,0,0,0,0,0
61107,0,0,0,0,0,0,0,0,0,0,0,0,0,0,0,0,0,0,0,0,0,0,0,0,0,0,0,0,0,0
61201,0,0,0,0,0,0,0,0,0,0,0,0,0,0,0,0,0,0,0,0,0,0,0,0,0,0,0,0,0,0
61202,0,0,0,0,0,0,0,0,0,0,0,0,0,0,0,0,0,0,0,0,0,0,0,0,0,0,0,0,0,0
61203,0,0,0,0,0,0,0,0,0,0,0,0,0,0,0,0,0,0,0,0,0,0,0,0,0,0,0,0,0,0
61204,0,0,0,0,0,0,0,0,0,0,0,0,0,0,0,0,0,0,0,0,0,0,0,0,0,0,0,0,0,0
61205,0,0,0,0,0,0,0,0,0,0,0,0,0,0,0,0,0,0,0,0,0,0,0,0,0,0,0,0,0,0
61206,0,0,0,0,0,0,0,0,0,0,0,0,0,0,0,0,0,0,0,0,0,0,0,0,0,0,0,0,0,0
61207,0,0,0,0,0,0,0,0,0,0,0,0,0,0,0,0,0,0,0,0,0,0,0,0,0,0,0,0,0,0
61208,0,0,0,0,0,0,0,0,0,0,0,0,0,0,0,0,0,0,0,0,0,0,0,0,0,0,0,0,0,0
61209,0,0,0,0,0,0,0,0,0,0,0,0,0,0,0,0,0,0,0,0,0,0,0,0,0,0,0,0,0,0
61210,0,0,0,0,0,0,0,0,0,0,0,0,0,0,0,0,0,0,0,0,0,0,0,0,0,0,0,0,0,0
61211,0,0,0,0,0,0,0,0,0,0,0,0,0,0,0,0,0,0,0,0,0,0,0,0,0,0,0,0,0,0
61212,0,0,0,0,0,0,0,0,0,0,0,0,0,0,0,0,0,0,0,0,0,0,0,0,0,0,0,0,0,0
61213,0,0,0,0,0,0,0,0,0,0,0,0,0,0,0,0,0,0,0,0,0,0,0,0,0,0,0,0,0,0
61301,0,0,0,0,0,0,0,0,0,0,0,0,0,0,0,0,0,0,0,0,0,0,0,0,0,0,0,0,0,0
61302,0,0,0,0,0,0,0,0,0,0,0,0,0,0,0,0,0,0,0,0,0,0,0,0,0,0,0,0,0,0
61303,0,0,0,0,0,0,0,0,0,0,0,0,0,0,0,0,0,0,0,0,0,0,0,0,0,0,0,0,0,0
61304,0,0,0,0,0,0,0,0,0,0,0,0,0,0,0,0,0,0,0,0,0,0,0,0,0,0,0,0,0,0
61305,0,0,0,0,0,0,0,0,0,0,0,0,0,0,0,0,0,0,0,0,0,0,0,0,0,0,0,0,0,0
61306,0,0,0,0,0,0,0,0,0,0,0,0,0,0,0,0,0,0,0,0,0,0,0,0,0,0,0,0,0,0
61307,0,0,0,0,0,0,0,0,0,0,0,0,0,0,0,0,0,0,0,0,0,0,0,0,0,0,0,0,0,0
61308,0,0,0,0,0,0,0,0,0,0,0,0,0,0,0,0,0,0,0,0,0,0,0,0,0,0,0,0,0,0
61309,0,0,0,0,0,0,0,0,0,0,0,0,0,0,0,0,0,0,0,0,0,0,0,0,0,0,0,0,0,0
61310,0,0,0,0,0,0,0,0,0,0,0,0,0,0,0,0,0,0,0,0,0,0,0,0,0,0,0,0,0,0
61401,0,0,0,0,0,0,0,0,0,0,0,0,0,0,0,0,0,0,0,0,0,0,0,0,0,0,0,0,0,0
61402,0,0,0,0,0,0,0,0,0,0,0,0,0,0,0,0,0,0,0,0,0,0,0,0,0,0,0,0,0,0
61403,0,0,0,0,0,0,0,0,0,0,0,0,0,0,0,0,0,0,0,0,0,0,0,0,0,0,0,0,0,0
61404,0,0,0,0,0,0,0,0,0,0,0,0,0,0,0,0,0,0,0,0,0,0,0,0,0,0,0,0,0,0
61405,0,0,0,0,0,0,0,0,0,0,0,0,0,0,0,0,0,0,0,0,0,0,0,0,0,0,0,0,0,0
61406,0,0,0,0,0,0,0,0,0,0,0,0,0,0,0,0,0,0,0,0,0,0,0,0,0,0,0,0,0,0
61407,0,0,0,0,0,0,0,0,0,0,0,0,0,0,0,0,0,0,0,0,0,0,0,0,0,0,0,0,0,0
61408,0,0,0,0,0,0,0,0,0,0,0,0,0,0,0,0,0,0,0,0,0,0,0,0,0,0,0,0,0,0
61409,0,0,0,0,0,0,0,0,0,0,0,0,0,0,0,0,0,0,0,0,0,0,0,0,0,0,0,0,0,0
61410,0,0,0,0,0,0,0,0,0,0,0,0,0,0,0,0,0,0,0,0,0,0,0,0,0,0,0,0,0,0
61411,0,0,0,0,0,0,0,0,0,0,0,0,0,0,0,0,0,0,0,0,0,0,0,0,0,0,0,0,0,0
